{"protocolSection":{"identificationModule":{"nctId":"NCT04940026","orgStudyIdInfo":{"id":"BEX15859"},"organization":{"fullName":"Sanofi","class":"INDUSTRY"},"briefTitle":"Study to Determine Absorption, Metabolism, and Excretion of [14C]-SAR439859, and to Assess Absolute Oral Bioavailability of Amcenestrant (SAR439859), in Healthy Post-menopausal Women","officialTitle":"A Phase 1, Open-label, Single Center, One Period, One Sequence Study to Determine Absorption, Metabolism, and Excretion of a Single Oral Dose of Radiolabeled [14C]- SAR439859 and an Assessment of the Absolute Oral Bioavailability Using the Microdosing Technique in Healthy Post-menopausal Women"},"statusModule":{"statusVerifiedDate":"2022-04","overallStatus":"COMPLETED","expandedAccessInfo":{"hasExpandedAccess":false},"startDateStruct":{"date":"2021-06-15","type":"ACTUAL"},"primaryCompletionDateStruct":{"date":"2021-08-19","type":"ACTUAL"},"completionDateStruct":{"date":"2021-08-19","type":"ACTUAL"},"studyFirstSubmitDate":"2021-06-14","studyFirstSubmitQcDate":"2021-06-24","studyFirstPostDateStruct":{"date":"2021-06-25","type":"ACTUAL"},"lastUpdateSubmitDate":"2022-04-21","lastUpdatePostDateStruct":{"date":"2022-04-25","type":"ACTUAL"}},"sponsorCollaboratorsModule":{"responsibleParty":{"type":"SPONSOR"},"leadSponsor":{"name":"Sanofi","class":"INDUSTRY"}},"oversightModule":{"oversightHasDmc":false,"isFdaRegulatedDrug":false,"isFdaRegulatedDevice":false},"descriptionModule":{"briefSummary":"Primary Objectives:\n\n* To assess the excretion balance after oral and IV administration of \\[14C\\]-SAR439859\n* To assess PK of total radioactivity, \\[14C\\] -SAR439859 and its metabolite (M7) after IV administration of \\[14C\\]-SAR439859 and, PK of radioactivity, SAR439859 and M7 after oral administration of SAR439859 alone or with \\[14C\\]-SAR439859\n* To assess IV clearance and absolute bioavailability of SAR439859 using microdose of \\[14C\\]-SAR439859 tracer on top of a single tablet oral dose.\n* To assess relative bioavailability of SAR439859 given as tablet or solution\n\nSecondary objectives:\n\n* To collect samples in order to assess metabolic profile in plasma and excreta of SAR439859 after oral administration of \\[14C\\]-SAR439859 as solution, contribution in plasma of SAR439859 and metabolite relative to total radioactivity and identify metabolites (samples will be analyzed according to metabolic analysis plan and results will be documented in a separate report).\n* To assess safety and tolerance of SAR439859","detailedDescription":"Total study duration is 3 to 10 weeks, including a screening period of up to 27 days, treatment period of up to 16 days and a follow-up and end of study of up to 4 weeks."},"conditionsModule":{"conditions":["Breast Cancer","Healthy Volunteers"]},"designModule":{"studyType":"INTERVENTIONAL","phases":["PHASE1"],"designInfo":{"allocation":"NA","interventionModel":"SINGLE_GROUP","primaryPurpose":"OTHER","maskingInfo":{"masking":"NONE"}},"enrollmentInfo":{"count":6,"type":"ACTUAL"}},"armsInterventionsModule":{"armGroups":[{"label":"SAR439859","type":"EXPERIMENTAL","description":"Single oral dose of SAR439859 at Day 1 in fasted condition followed by intravenous administration of \\[14C\\]-SAR439859 microtracer 3 hours later, and single oral dose of \\[14C\\]-SAR439859 at Day 7 in fasted condition","interventionNames":["Drug: amcenestrant","Drug: [14C]-SAR439859 microtracer","Drug: [14C]-SAR439859"]}],"interventions":[{"type":"DRUG","name":"amcenestrant","description":"Tablet Oral","armGroupLabels":["SAR439859"],"otherNames":["SAR439859"]},{"type":"DRUG","name":"[14C]-SAR439859 microtracer","description":"Solution for infusion Intravenous","armGroupLabels":["SAR439859"]},{"type":"DRUG","name":"[14C]-SAR439859","description":"Powder for oral solution Oral","armGroupLabels":["SAR439859"]}]},"outcomesModule":{"primaryOutcomes":[{"measure":"Percentage of radioactive dose, SAR439859 and M7 excreted in urine and feces after IV administration","timeFrame":"Day 1 to Day 6"},{"measure":"Percentage of radioactive dose excreted in urine and feces after oral administration","timeFrame":"Day 7 up to max Day 44"},{"measure":"Assessment of Pharmacokinetic (PK) parameter: AUC for radioactivity and SAR439859 after IV administration","description":"Area under the plasma concentration versus time curve extrapolated to infinity","timeFrame":"Day 1 to Day 3"},{"measure":"Assessment of PK parameter: t1/2z for radioactivity and SAR439859 after IV administration","description":"Terminal half-life associated with the terminal slope (λz)","timeFrame":"Day 1 to Day 3"},{"measure":"Assessment of PK parameter: CL for SAR439859 after IV administration","description":"Total body clearance","timeFrame":"Day 1 to Day 3"},{"measure":"Assessment of PK parameter: AUC ratios after IV administration","description":"SAR439859 to radioactivity ratio for plasma AUC","timeFrame":"Day 1 to Day 3"},{"measure":"Assessment of PK parameter: Cmax for radioactivity and SAR439859 after oral administration","description":"Maximum plasm concentration observed","timeFrame":"Day 1 to Day 5, Day 7 to Day 11"},{"measure":"Assessment of PK parameter: tmax for radioactivity and SAR439859 after oral administration","description":"Time to reach Cmax","timeFrame":"Day 1 to Day 5, Day 7 to Day 11"},{"measure":"Assessment of PK parameter: AUC for radioactivity and SAR439859 after oral administration","timeFrame":"Day 1 to Day 5, Day 7 to Day 11"},{"measure":"Assessment of PK parameter: t1/2z for radioactivity and SAR439859 after oral administration","timeFrame":"Day 1 to Day 5, Day 7 to Day 11"},{"measure":"Assessment of PK parameter: AUC ratios after oral administration","description":"SAR439859 to radioactivity ratio for plasma AUC","timeFrame":"Day 7 to Day 11"},{"measure":"Assessment of PK parameter: Cmax for M7 after IV and oral administration","timeFrame":"Day 1 to Day 5, Day 7 to Day 11"},{"measure":"Assessment of PK parameter: AUC for M7 after IV and oral administration","timeFrame":"Day 1 to Day 5, Day 7 to Day 11"},{"measure":"Assessment of PK parameter: t1/2z for M7 after IV and oral administration","timeFrame":"Day 1 to Day 5, Day 7 to Day 11"},{"measure":"Assessment of PK parameter: Rmet Cmax after IV and oral administration","description":"M7 to SAR439859 ratio for plasma Cmax","timeFrame":"Day 1 to Day 5, Day 7 to Day 11"},{"measure":"Assessment of PK parameter: Rmet AUC after IV and oral administration","description":"M7 to SAR439859 ratio for plasma AUC","timeFrame":"Day 1 to Day 5, Day 7 to Day 11"},{"measure":"Absolute oral bioavailability of SAR439859","description":"Absolute oral bioavailability, expressed as a percentage, estimated from AUCs obtained after oral and IV administration","timeFrame":"Day 1 to Day 5, Day 7 to Day 11"},{"measure":"Relative bioavailability of SAR439859 after oral administration","timeFrame":"Day 1 to Day 5, Day 7 to Day 11"}],"secondaryOutcomes":[{"measure":"Number of participants with adverse events","timeFrame":"Day 1 to Day 44"}]},"eligibilityModule":{"eligibilityCriteria":"Inclusion Criteria:\n\nFemale participants (age between 40 and 75 years old) who are postmenopausal or had post-bilateral surgical oophorectomy not linked to a history of cancer.\n\nParticipants who are overtly healthy. Body weight within 40.0 and 95.0 kg and body mass index (BMI) within the range 18.0 and 30 kg/m2 (inclusive).\n\nCapable of giving signed informed consent.\n\nExclusion Criteria:\n\nSubject has clinical signs and symptoms consistent with COVID-19, e.g., fever, dry cough, dyspnea, loss of taste and smell, sore throat, fatigue or confirmed infection by appropriate laboratory test within the last 4 weeks prior to Screening.\n\nSubject who had severe course of COVID-19 (i.e., hospitalization, extracorporeal membrane oxygenation, mechanically ventilated).\n\nFrequent headaches and/or migraine, recurrent nausea and/or vomiting (for vomiting only: more than twice a month).\n\nBlood donation, any volume (usually approximately 500 mL), within 2 months before inclusion.\n\nPresence or history of drug hypersensitivity, or allergic disease diagnosed and treated by a physician.\n\nHistory or presence of drug or alcohol abuse (alcohol consumption more than 40 g per day).\n\nSmoking regularly more than 5 cigarettes or equivalent per week, unable to stop smoking during the study (occasional smoker can be enrolled).\n\nExcessive consumption of beverages containing xanthine bases (more than 5 cups or glasses per day).\n\nSubjects who are occupationally exposed to radiation as defined in the Ionizing Radiation Regulations 2017.\n\nParticipation in a trial with \\[13C\\] or \\[14C\\] radiolabeled medication in the 12 months preceding the study.\n\nThe above information is not intended to contain all considerations relevant to a patient's potential participation in a clinical trial.","healthyVolunteers":true,"sex":"FEMALE","minimumAge":"40 Years","maximumAge":"75 Years","stdAges":["ADULT","OLDER_ADULT"]},"contactsLocationsModule":{"locations":[{"facility":"Investigational Site Number 8260001","city":"Nottingham","zip":"NG11 6JS","country":"United Kingdom","geoPoint":{"lat":52.9536,"lon":-1.15047}}]},"ipdSharingStatementModule":{"ipdSharing":"YES","description":"Qualified researchers may request access to patient level data and related study documents including the clinical study report, study protocol with any amendments, blank case report form, statistical analysis plan, and dataset specifications. Patient level data will be anonymized and study documents will be redacted to protect the privacy of trial participants. Further details on Sanofi's data sharing criteria, eligible studies, and process for requesting access can be found at: https://vivli.org"}},"derivedSection":{"miscInfoModule":{"versionHolder":"2024-09-24"},"conditionBrowseModule":{"browseLeaves":[{"id":"M5220","name":"Breast Neoplasms","relevance":"LOW"},{"id":"T6036","name":"Menopause","asFound":"Menopausal","relevance":"HIGH"}],"browseBranches":[{"abbrev":"BC04","name":"Neoplasms"},{"abbrev":"BC17","name":"Skin and Connective Tissue Diseases"},{"abbrev":"All","name":"All Conditions"}]},"interventionBrowseModule":{"browseLeaves":[{"id":"M21860","name":"Pharmaceutical Solutions","relevance":"LOW"}],"browseBranches":[{"abbrev":"PhSol","name":"Pharmaceutical Solutions"},{"abbrev":"All","name":"All Drugs and Chemicals"}]}},"hasResults":false}