{"protocolSection":{"identificationModule":{"nctId":"NCT03435666","orgStudyIdInfo":{"id":"17-VIN-0855"},"organization":{"fullName":"Qilu Pharmaceutical Co., Ltd.","class":"INDUSTRY"},"briefTitle":"A Bioequivalence Study of Capecitabine Tablets 500 mg in Adult Cancer Patients Under Fed Condition","officialTitle":"A Multicenter, Open Label, Randomized, Balanced, Two Treatment, Three Period, Three Sequence, Reference Replicate Crossover, Single Dose, Bioequivalence Fed Study of Capecitabine Tablets in Comparison With XELODA in Adult Cancer Patients","acronym":"Capecitabine"},"statusModule":{"statusVerifiedDate":"2018-02","overallStatus":"UNKNOWN","lastKnownStatus":"NOT_YET_RECRUITING","expandedAccessInfo":{"hasExpandedAccess":false},"startDateStruct":{"date":"2018-05","type":"ESTIMATED"},"primaryCompletionDateStruct":{"date":"2018-10","type":"ESTIMATED"},"completionDateStruct":{"date":"2018-11","type":"ESTIMATED"},"studyFirstSubmitDate":"2018-02-10","studyFirstSubmitQcDate":"2018-02-15","studyFirstPostDateStruct":{"date":"2018-02-19","type":"ACTUAL"},"lastUpdateSubmitDate":"2018-02-15","lastUpdatePostDateStruct":{"date":"2018-02-19","type":"ACTUAL"}},"sponsorCollaboratorsModule":{"responsibleParty":{"type":"SPONSOR"},"leadSponsor":{"name":"Qilu Pharmaceutical Co., Ltd.","class":"INDUSTRY"}},"oversightModule":{"isFdaRegulatedDrug":true,"isFdaRegulatedDevice":false},"descriptionModule":{"briefSummary":"Purpose: To demonstrate the bioequivalence between Capecitabine Tablets 500 mg of Qilu Pharmaceutical Co., Ltd, China in comparison with XELODA® (Capecitabine) Tablets 500 mg, Distributed by Genentech USA, Inc.\n\nDesign: two treatment, three period, three sequence, reference replicate crossover, single dose.\n\nTest Drug: Capecitabine Tablets; Reference drug: XELODA Sample size: Around 45 patients will be enrolled to have at least 39 evaluable patients in the study.","detailedDescription":"Objectives:\n\nPrimary Objective: To demonstrate the bioequivalence between Capecitabine Tablets 500 mg of Qilu Pharmaceutical Co., Ltd, China in comparison with XELODA® (Capecitabine) Tablets 500 mg, Distributed by Genentech USA, Inc. following a single oral dose administration in adult cancer patients under fed condition.\n\nSecondary Objective: To monitor the safety and tolerability profile of the subjects exposed to the Investigational Medicinal Product.\n\nStudy Design: a randomized, multicenter, open label, balanced, two treatment, three period, three sequence, reference replicate crossover, single dose, bioequivalence study under fed conditions.\n\nNumber of subjects: at least 39 evaluable patients Mode of Administration for Test and Reference product: Patient will be randomized to one of the three treatment sequences i.e. TRR, RTR or RRT. Where T-Test drug and R-Reference drug. The study medication will be administered in the morning of Day 1 (Period I of the study), Day 2(Period II of the study) and Day 3 (Period III of the study).\n\nSince, the patients are on a twice daily dosing regimen the patients should receive their usual dose of capecitabine as per their dosing regimen between each subsequent study periods. The drug product used to administer the dose between the study periods can be the same or any approved product as that used by the patients for their current dosing regimen. The morning and evening doses will be based on BSA.\n\nBlood collection times: pre-dose blood sample of 03 mL (00.00) will be collected within 5 minutes before dosing in each period of the study. After dosing in each period (Day 1, Day 2 and Day 3), the post-dose blood samples of 03mL each will be drawn at 0.17 (10min), 0.33 (20min), 0.50 (30 min),0.67 (40min), 0.83 (50min), 1.00, 1.25 (1h15min), 1.50 (1h30min), 1.75 (1h45min), 2, 2.25 (2h15min), 2.5 (2h30min), 2.75 (2h45min), 3.00, 3.50 (3h30min), 4.00, 5.00, 6.00, 7.00, and 8.00 hours following drug administration.\n\nBioequivalence Criteria:\n\nFor Capecitabine, the bioequivalence will be concluded based on within-subject standard deviation of reference formulation, termed as SWR.\n\nReference - Scale Average Bioequivalence Approach:\n\nWhen SWR ≥ 0.294 for any of the primary pharmacokinetic parameters, below mentioned both the criteria must be satisfied: The 95% upper confidence bound for (μT- μR)2/S2WR determined must be ≤ θ, or equivalently, a 95% upper confidence bound for (μT- μR)2-θ\\*S2WR must be ≤ 0; and the point estimate (test/reference geometric mean ratio) must fall within \\[0.80, 1.25\\].\n\nConventional Average Bioequivalence Approach:\n\nWhen SWR \\< 0.294 for any of the primary pharmacokinetic parameters, 90% confidence interval for the geometric least square means ratio (T/R) of that parameter must be fall within the acceptance range of 80.00% to 125.00%."},"conditionsModule":{"conditions":["Colon Cancer","Breast Cancer"]},"designModule":{"studyType":"INTERVENTIONAL","phases":["PHASE1"],"designInfo":{"allocation":"RANDOMIZED","interventionModel":"CROSSOVER","primaryPurpose":"TREATMENT","maskingInfo":{"masking":"NONE"}},"enrollmentInfo":{"count":45,"type":"ESTIMATED"}},"armsInterventionsModule":{"armGroups":[{"label":"Capecitabine","type":"EXPERIMENTAL","description":"Capecitabine is the test product.In period 1, period 2 and period 3, 13 of 39 Subjects were given Single oral dose (1250 mg/m2) Capecitabine.","interventionNames":["Drug: Capecitabine","Drug: XELODA"]},{"label":"XELODA","type":"ACTIVE_COMPARATOR","description":"XELODA is the reference product.In period 1, period 2 and period 3, 13 of 39 Subjects were given Single oral dose (1250 mg/m2) XELODA.","interventionNames":["Drug: Capecitabine","Drug: XELODA"]}],"interventions":[{"type":"DRUG","name":"Capecitabine","description":"Single oral dose (1250mg/m2) Capecitabine or XELODA in each period.","armGroupLabels":["Capecitabine","XELODA"]},{"type":"DRUG","name":"XELODA","description":"Single oral dose (1250mg/m2) Capecitabine or XELODA in each period.","armGroupLabels":["Capecitabine","XELODA"]}]},"outcomesModule":{"primaryOutcomes":[{"measure":"Cmax","description":"Maximum plasma Capecitabine concentration.","timeFrame":"Pre-dose, 0.17 (10 min), 0.33 (20 min), 0.50 (30 min), 0.67 (40 min), 0.83 (50 min), 1.00, 1.25 (1h15min), 1.50 (1h30min), 1.75 (1h45min), 2, 2.25 (2h15min), 2.5 (2h30min), 2.75 (2h45min), 3.00, 3.50 (3h30min), 4.00, 5.00, 6.00, 7.00, and 8.00 hours"},{"measure":"AUC0-t","description":"The area under the plasma concentration time curve from zero to the last measurable concentration.","timeFrame":"Pre-dose, 0.17 (10 min), 0.33 (20 min), 0.50 (30 min), 0.67 (40 min), 0.83 (50 min), 1.00, 1.25 (1h15min), 1.50 (1h30min), 1.75 (1h45min), 2, 2.25 (2h15min), 2.5 (2h30min), 2.75 (2h45min), 3.00, 3.50 (3h30min), 4.00, 5.00, 6.00, 7.00, and 8.00 hours"}],"secondaryOutcomes":[{"measure":"AUC0-∞","description":"The area under the plasma concentration time curve from zero to infinity.","timeFrame":"Pre-dose, 0.17 (10 min), 0.33 (20 min), 0.50 (30 min), 0.67 (40 min), 0.83 (50 min), 1.00, 1.25 (1h15min), 1.50 (1h30min), 1.75 (1h45min), 2, 2.25 (2h15min), 2.5 (2h30min), 2.75 (2h45min), 3.00, 3.50 (3h30min), 4.00, 5.00, 6.00, 7.00, and 8.00 hours"},{"measure":"Tmax","description":"Time of the maximum measured plasma concentration.","timeFrame":"Pre-dose, 0.17 (10 min), 0.33 (20 min), 0.50 (30 min), 0.67 (40 min), 0.83 (50 min), 1.00, 1.25 (1h15min), 1.50 (1h30min), 1.75 (1h45min), 2, 2.25 (2h15min), 2.5 (2h30min), 2.75 (2h45min), 3.00, 3.50 (3h30min), 4.00, 5.00, 6.00, 7.00, and 8.00 hours"},{"measure":"Kel","description":"The elimination rate constant associated with the terminal (log-linear) portion of the curve. Estimated by linear regression of time vs. log concentration.","timeFrame":"Pre-dose, 0.17 (10 min), 0.33 (20 min), 0.50 (30 min), 0.67 (40 min), 0.83 (50 min), 1.00, 1.25 (1h15min), 1.50 (1h30min), 1.75 (1h45min), 2, 2.25 (2h15min), 2.5 (2h30min), 2.75 (2h45min), 3.00, 3.50 (3h30min), 4.00, 5.00, 6.00, 7.00, and 8.00 hours"},{"measure":"t½","description":"The terminal elimination half-life calculated by 0.693/Kel.","timeFrame":"Pre-dose, 0.17 (10 min), 0.33 (20 min), 0.50 (30 min), 0.67 (40 min), 0.83 (50 min), 1.00, 1.25 (1h15min), 1.50 (1h30min), 1.75 (1h45min), 2, 2.25 (2h15min), 2.5 (2h30min), 2.75 (2h45min), 3.00, 3.50 (3h30min), 4.00, 5.00, 6.00, 7.00, and 8.00 hours"},{"measure":"AUC_%Extrap_obs","description":"Percentage of AUC0-∞ to extrapolation from Tlast to infinity","timeFrame":"Pre-dose, 0.17 (10 min), 0.33 (20 min), 0.50 (30 min), 0.67 (40 min), 0.83 (50 min), 1.00, 1.25 (1h15min), 1.50 (1h30min), 1.75 (1h45min), 2, 2.25 (2h15min), 2.5 (2h30min), 2.75 (2h45min), 3.00, 3.50 (3h30min), 4.00, 5.00, 6.00, 7.00, and 8.00 hours"}]},"eligibilityModule":{"eligibilityCriteria":"Inclusion Criteria:\n\n1. Male or non-pregnant, non-lactating female patient of age between 18 to 60 years (both inclusive).\n2. Patients with have histopathologically /cytologically confirmed Dukes' C colon cancer who have undergone complete resection of the primary tumor when treatment with fluoropyrimidine therapy alone is preferred.\n\n   Or Patients with histopathologically /cytologically confirmed colorectal carcinoma with evidence of metastasis when treatment with fluoropyrimidine therapy alone is preferred Or Patients with histopathologically /cytologically confirmed breast cancer with evidence of metastasis\n3. Resistant to both paclitaxel and an anthracycline-containing chemotherapy regimen or resistant to paclitaxel and for whom further anthracycline therapy is not indicated (e.g., patients who have received cumulative doses of 400 mg/m2 of doxorubicin or doxorubicin equivalents). Resistance is defined as progressive disease while on treatment, with or without an initial response, or relapse within 6 months of completing treatment with an anthracycline-containing adjuvant regimen.\n4. Cancer patients already receiving a stable twice-daily dosing regimen of capecitabine (who have completed at least one cycle of chemotherapy) as prescribed by the reference product label (i.e. 1250 mg/m2, twice daily, equivalent to 2500 mg/m2 total daily dose, for two-weeks followed by a one-week rest period given as three-week cycles)\n5. Eastern Cooperative Oncology Group (ECOG) performance status of 0-2.\n6. Adequate cardiac function \\[left ventricular ejection fraction (LVEF) ≥ 50 %\\]\n7. Patient with adequate bone marrow(ANC ≥ 1500/mm3, Platelet count ≥ 100,000/mm3 , Hemoglobin ≥ 9.0 g/ dL); renal (Serum Creatinine ≤ 1.5 times ULN and creatinine clearance ≥ 51 to 80 mL/min \\[Cockroft and Gault\\]) and hepatic function (Bilirubin ≤ 1.5 times ULN, ALT/AST ≤ 3 times ULN (≤ 5 x ULN if liver metastases present)) .\n8. Patient willing and able to give written informed consent for participation in the study and comply with the study protocol.\n9. No persistent clinically significant toxicities from prior medications at screening.\n10. Subject with clinically acceptable chest X-Ray (P/A view) whose X-Ray was taken not more than 3 months prior to screening.\n11. Females of child-bearing potential (FOCP) must agree to use an acceptable method of birth control such as sexual abstinence or at least 2 reliable modes of contraception, one of which must be a double-barrier method (e.g., condom with spermicidal gel or diaphragm with spermicidal gel) or IUD or vaginal spermicidal suppository from screening until 6 months after last dose of study drug. \\[Note: Use of hormonal contraception (pills/hormonal intrauterine device etc,) is not allowed\\].\n\n    OR Post-menopausal females defined as at least 12 consecutive months with no menses without an alternative medical cause OR Surgically sterilized females with documented evidence of hysterectomy / bilateral salpingectomy / bilateral oophorectomy. Females without documented evidence of surgery and those who have undergone tubal ligation will be considered of child bearing potential.\n12. Male patient must agree to use an acceptable method of birth control such as sexual abstinence or barrier method of contraception (i.e. condom) from screening until 3 months after last dose of study drug. Subject agrees to accept the risk that pregnancy in female partner could still result despite using birth control devices.\n13. Cancer patients should preferably be on monotherapy. However, cancer patients receiving concomitant drug(s) are allowed to participate, provided:\n\n    * The concomitant medication is the same for all the study period and clearly documented.\n    * Patients do not require any change their concurrent medications during the study period\n    * The concurrent medications do not interfere with the assay for measuring the drug in plasma.\n\nExclusion Criteria:\n\n1. Known hypersensitivity or contraindication to fluoropyrimidine therapy, or known sensitivity to 5-fluorouracil, or\n2. Patients with known DPD (Dihydropyrimidine Dehydrogenase) deficiency.\n3. Prior unanticipated severe reaction to Capecitabine or metabolites and to fluoropyrimidine therapy\n4. Patients with a prior history of coronary artery disease,\n5. Patients receiving phenytoin, warferin, other coumarin-derivative anticoagulants, leucoverin, CYP2C9 at the time of screening or anticipated use of these drugs during the study period. \\[If the subject was on any of these drugs before screening, a wash out period of at least 5 half-lives must have elapsed since the last dose of such drug.\\]\n6. Known symptomatic or untreated or recently treated (≤ 6 months of screening) central nervous system (CNS) metastases. Patients with previously treated (\\> 6 months of screening) CNS metastases and are now stable and asymptomatic are allowed.\n7. Presence of active infections\n8. Any of the following cardiac conditions:\n\n   1. Unstable angina\n   2. Myocardial infarction within the past 6 months\n   3. NYHA (New York State Heart Association) class II-IV heart failure\n   4. Severe uncontrolled ventricular arrhythmias\n   5. Clinically significant pericardial disease\n   6. Electrocardiographic evidence of acute ischemic or active conduction system abnormalities\n   7. Any other cardiac illness that could lead to a safety risk to the patient in case of enrolment in the study\n9. Patient having abnormal serum calcium level at screening visit which as judged by Investigator could lead to safety risk to the patient upon participation in the trial or could interfere with the conduct of the trial.\n10. Patients who have had experienced a severe mucocutaneous reaction during prior capecitabine treatment.\n11. Pre-existing motor or sensory neurotoxicity of a severity ≥ grade 2 by NCI CTCAE criteria.\n12. Known, existing uncontrolled coagulopathy.\n13. Subject with positive human immunodeficiency virus (HIV) infection, a positive hepatitis screen including hepatitis B surface antigen, HCV and HAV antibodies.\n14. Subject with clinically significant active infection and symptoms of noninfectious pneumonitis as judged by investigator.\n15. Use of any recreational drugs or history of drug addiction.\n16. Have a history of alcohol or drug-dependence as per DSM-IV criteria during the 6-month period immediately prior to Screening\n17. Positive test results for urine drug scan (except for prescribed benzodiazepines) or breath alcohol test at baseline\n18. Subject with a history of difficulty in donating blood or difficulty in accessibility of veins.\n19. An unusual or abnormal diet, for two weeks prior to receiving any medication and throughout subject's participation in the study, for whatever reason e.g. because of fasting due to religious reasons.\n20. Receipt of any Investigational Medicinal Product within the past 30 days of randomization or has less than 5 half life from previous IMP receipt.\n21. History of donation of blood/loss of blood (without replenishment) (1 unit or 350 ml) within 90 days prior to receiving the first dose of investigational medicinal product in the study.\n22. History of administration of live vaccines within the past 4 weeks of screening or scheduled to receive a live vaccine during the study period until end study assessments.\n23. Subject with any factor/condition preventing oral consumption of tablet.\n24. Subject with post-major surgery (major surgery is defined as a procedure requiring general anesthesia), open biopsy, or significant traumatic injury or with unhealed wound or not recovered from prior major surgery within 4 weeks from screening.\n25. Any severe, acute, or chronic medical, psychiatric or social condition; or laboratory abnormality that may increase the risk of trial participation or investigational agent administration, may interfere with the informed consent process and/or with compliance with the requirements of the trial, or may interfere with the interpretation of the trial results and, in the Investigator's opinion, would make the patient inappropriate for entry into this trial.","healthyVolunteers":false,"sex":"ALL","minimumAge":"18 Years","maximumAge":"60 Years","stdAges":["ADULT"]},"ipdSharingStatementModule":{"ipdSharing":"NO"}},"derivedSection":{"miscInfoModule":{"versionHolder":"2024-09-24"},"conditionBrowseModule":{"meshes":[{"id":"D000003110","term":"Colonic Neoplasms"}],"ancestors":[{"id":"D000015179","term":"Colorectal Neoplasms"},{"id":"D000007414","term":"Intestinal Neoplasms"},{"id":"D000005770","term":"Gastrointestinal Neoplasms"},{"id":"D000004067","term":"Digestive System Neoplasms"},{"id":"D000009371","term":"Neoplasms by Site"},{"id":"D000009369","term":"Neoplasms"},{"id":"D000004066","term":"Digestive System Diseases"},{"id":"D000005767","term":"Gastrointestinal Diseases"},{"id":"D000003108","term":"Colonic Diseases"},{"id":"D000007410","term":"Intestinal Diseases"}],"browseLeaves":[{"id":"M5220","name":"Breast Neoplasms","relevance":"LOW"},{"id":"M25306","name":"Malnutrition","relevance":"LOW"},{"id":"M6338","name":"Colonic Neoplasms","asFound":"Colon Cancer","relevance":"HIGH"},{"id":"M17890","name":"Colorectal Neoplasms","relevance":"LOW"},{"id":"M10448","name":"Intestinal Neoplasms","relevance":"LOW"},{"id":"M8886","name":"Gastrointestinal Neoplasms","relevance":"LOW"},{"id":"M7256","name":"Digestive System Neoplasms","relevance":"LOW"},{"id":"M8883","name":"Gastrointestinal Diseases","relevance":"LOW"},{"id":"M7255","name":"Digestive System Diseases","relevance":"LOW"},{"id":"M6336","name":"Colonic Diseases","relevance":"LOW"},{"id":"M10444","name":"Intestinal Diseases","relevance":"LOW"}],"browseBranches":[{"abbrev":"BC04","name":"Neoplasms"},{"abbrev":"BC17","name":"Skin and Connective Tissue Diseases"},{"abbrev":"All","name":"All Conditions"},{"abbrev":"BC18","name":"Nutritional and Metabolic Diseases"},{"abbrev":"BC06","name":"Digestive System Diseases"}]},"interventionBrowseModule":{"meshes":[{"id":"D000069287","term":"Capecitabine"}],"ancestors":[{"id":"D000000964","term":"Antimetabolites, Antineoplastic"},{"id":"D000000963","term":"Antimetabolites"},{"id":"D000045504","term":"Molecular Mechanisms of Pharmacological Action"},{"id":"D000000970","term":"Antineoplastic Agents"}],"browseLeaves":[{"id":"M377","name":"Capecitabine","asFound":"200","relevance":"HIGH"},{"id":"M4281","name":"Antimetabolites","relevance":"LOW"}],"browseBranches":[{"abbrev":"ANeo","name":"Antineoplastic Agents"},{"abbrev":"All","name":"All Drugs and Chemicals"}]}},"hasResults":false}