{"protocolSection":{"identificationModule":{"nctId":"NCT04411966","orgStudyIdInfo":{"id":"CMRPG2C0483"},"organization":{"fullName":"Chang Gung Memorial Hospital","class":"OTHER"},"briefTitle":"Early Interim 18F-FDG-PET and 18F-FLT-PET for Predicting Treatment Response and Survival in Metastatic Breast Cancer","officialTitle":"Integrating 18F-FDG PET/CT With 18F-FLT PET/CT in Predicting Treatment Response and Prognosis of Metastatic/Recurrent Breast Cancer"},"statusModule":{"statusVerifiedDate":"2018-05","overallStatus":"COMPLETED","expandedAccessInfo":{"hasExpandedAccess":false},"startDateStruct":{"date":"2014-01-01","type":"ACTUAL"},"primaryCompletionDateStruct":{"date":"2017-08-30","type":"ACTUAL"},"completionDateStruct":{"date":"2019-05-30","type":"ACTUAL"},"studyFirstSubmitDate":"2020-05-12","studyFirstSubmitQcDate":"2020-06-01","studyFirstPostDateStruct":{"date":"2020-06-02","type":"ACTUAL"},"lastUpdateSubmitDate":"2020-06-01","lastUpdatePostDateStruct":{"date":"2020-06-02","type":"ACTUAL"}},"sponsorCollaboratorsModule":{"responsibleParty":{"type":"SPONSOR"},"leadSponsor":{"name":"Chang Gung Memorial Hospital","class":"OTHER"}},"oversightModule":{"oversightHasDmc":false,"isFdaRegulatedDrug":false,"isFdaRegulatedDevice":false,"isUsExport":false},"descriptionModule":{"briefSummary":"We aim to investigate the value of 3'-deoxy-3'-18F-fluorothymidine (18F-FLT) and 18F-fluorodeoxyglucose (18F-FDG) positron emission tomography/computed tomography (PET/CT) for early prediction of treatment response and survival in patients with metastatic breast cancer after salvage therapy.","detailedDescription":"Patients with metastatic breast cancer were enrolled and received PET/CT using 18F-FLT and 18F-FDG at baseline, after 1st cycle , and after 2nd cycle of systemic chemotherapy. The standard reference for treatment response was classified according to Response Evaluation Criteria in Solid Tumors (RECIST) 1.1 criteria for contrast-enhanced CT (CE-CT) after 3 months of systemic chemotherapy. The metabolic response on PET was assessed according to PET response criteria in solid tumors (PERCIST) criteria and was correlated to the treatment response, progression-free survival (PFS), and overall survival (OS)."},"conditionsModule":{"conditions":["Metastatic Breast Cancer"],"keywords":["18F-fluorothymidine","18F-fluorodeoxyglucose","Metastatic Breast Cancer"]},"designModule":{"studyType":"INTERVENTIONAL","phases":["NA"],"designInfo":{"interventionModel":"SEQUENTIAL","interventionModelDescription":"Participant received 18F-FLT and 18F-FDG at baseline, after 1st cycle , and after 2nd cycle of systemic chemotherapy.","primaryPurpose":"DIAGNOSTIC","maskingInfo":{"masking":"NONE"}},"enrollmentInfo":{"count":32,"type":"ACTUAL"}},"armsInterventionsModule":{"armGroups":[{"label":"18F-fluorothymidine PET","type":"EXPERIMENTAL","description":"Patients receive fluorothymidine F-18 IV over 1 minute and undergo PET scan over 60 minutes at least 10 days prior to systemic chemotherapy, and at least 10 days after first and second cycles of systemic chemotherapy.","interventionNames":["Diagnostic Test: 18F-fluorothymidine"]}],"interventions":[{"type":"DIAGNOSTIC_TEST","name":"18F-fluorothymidine","description":"Patients receive fluorothymidine F-18 IV over 1 minute and undergo PET scan over 60 minutes at least 10 days prior to systemic chemotherapy, and at least 10 days after first and second cycles of systemic chemotherapy.","armGroupLabels":["18F-fluorothymidine PET"]}]},"outcomesModule":{"primaryOutcomes":[{"measure":"Change in 18F-fluorothymidine (18F-FLT) and 18F-fluorodeoxyglucose (18F-FDG) maximal standardized uptake value (SUV) as response to therapy","description":"The response to therapy would be determined by Response Evaluation Criteria in Solid Tumors (RECIST) guideline (version 1.1) by contrast-enhanced computed tomography (CE-CT). The change of SUVmax between the responders and non responders on 18F-FLT and 18F-FDG would be compared.","timeFrame":"Baseline, post 1-cycle and post 2-cycle (at least 10 days prior to or after systemic chemotherapy, each cycle is 28 days)"}],"secondaryOutcomes":[{"measure":"Compare Positron Emission Tomography Response Criteria in Solid Tumors (PERCIST) and European Organization for Research and Treatment of Cancer (EORCT) response by 18F-FLT-PET and 18F-FDG-PET for the prediction of anatomic treatment response","description":"We will use both EORTC and PERCIST criteria to compare the 18F-FLT-PET and 18F-FDG-PET metabolic response for the predictions of anatomic treatment response. Receiver operating characteristic (ROC) curve analysis and comparison were performed to evaluate the performance of 18F-FLT-PET and 18F-FDG-PET in predicting the anatomic treatment response, both with EORTC and PERCIST criteria.","timeFrame":"Baseline, post 1-cycle and post 2-cycle (at least 10 days prior to or after systemic chemotherapy, , each cycle is 28 days)"}],"otherOutcomes":[{"measure":"Progression-free survival (PFS) was defined as the time from the date of inclusion in the study to disease recurrence or progression.","description":"Compare Positron Emission Tomography Response Criteria in Solid Tumors (PERCIST) and European Organization for Research and Treatment of Cancer (EORCT) response by 18F-FLT-PET and 18F-FDG-PET for the prediction of survival outcomes","timeFrame":"Baseline, post 1-cycle and post 2-cycle (at least 10 days prior to or after systemic chemotherapy, each cycle is 28 days)"},{"measure":"Overall survival (OS) was defined as the time from the date of inclusion in the study to the date of death from any cause or last follow-up.","description":"Compare Positron Emission Tomography Response Criteria in Solid Tumors (PERCIST) and European Organization for Research and Treatment of Cancer (EORCT) response by 18F-FLT-PET and 18F-FDG-PET for the prediction of survival outcomes","timeFrame":"Baseline, post 1-cycle and post 2-cycle (at least 10 days prior to or after systemic chemotherapy, each cycle is 28 days)"}]},"eligibilityModule":{"eligibilityCriteria":"Inclusion Criteria:\n\n* Participants must have histological evidence of breast cancer of any stage\n* Participants must be diagnosed with metastatic breast cancer\n* Participants should be willing and able to have both PET-CT scans\n* Participants should be eligible for and plan to undergo systemic chemotherapy and should be seen by a oncologist prior to beginning the study\n* Participants should have the ability to understand and the willingness to sign a written informed consent document\n* Participants must sign a study specific consent form prior to registration\n\nExclusion Criteria:\n\n* Patients have been diagnosed with other malignancy\n* Patients with uncontrolled intercurrent illness including, but not limited to, ongoing or active infection or significant inflammation at treatment site or psychiatric illness/social situations that would limit compliance with study requirements or whose lab values do not meet the criteria above are excluded\n* Pregnant women are excluded from this study\n* Breast feeding women are excluded from this study","healthyVolunteers":false,"sex":"FEMALE","minimumAge":"20 Years","stdAges":["ADULT","OLDER_ADULT"]},"referencesModule":{"references":[{"pmid":"34376155","type":"DERIVED","citation":"Su TP, Huang JS, Chang PH, Lui KW, Hsieh JC, Ng SH, Chan SC. Prospective comparison of early interim 18F-FDG-PET with 18F-FLT-PET for predicting treatment response and survival in metastatic breast cancer. BMC Cancer. 2021 Aug 10;21(1):908. doi: 10.1186/s12885-021-08649-z."}]}},"derivedSection":{"miscInfoModule":{"versionHolder":"2024-09-24"},"conditionBrowseModule":{"meshes":[{"id":"D000001943","term":"Breast Neoplasms"}],"ancestors":[{"id":"D000009371","term":"Neoplasms by Site"},{"id":"D000009369","term":"Neoplasms"},{"id":"D000001941","term":"Breast Diseases"},{"id":"D000012871","term":"Skin Diseases"}],"browseLeaves":[{"id":"M5220","name":"Breast Neoplasms","asFound":"Breast Cancer","relevance":"HIGH"},{"id":"M14850","name":"Recurrence","relevance":"LOW"},{"id":"M5218","name":"Breast Diseases","relevance":"LOW"},{"id":"M15674","name":"Skin Diseases","relevance":"LOW"}],"browseBranches":[{"abbrev":"BC04","name":"Neoplasms"},{"abbrev":"BC17","name":"Skin and Connective Tissue Diseases"},{"abbrev":"All","name":"All Conditions"},{"abbrev":"BC23","name":"Symptoms and General Pathology"}]},"interventionBrowseModule":{"browseLeaves":[{"id":"M21686","name":"Fluorodeoxyglucose F18","relevance":"LOW"}],"browseBranches":[{"abbrev":"All","name":"All Drugs and Chemicals"}]}},"hasResults":false}