{"protocolSection":{"identificationModule":{"nctId":"NCT03398057","orgStudyIdInfo":{"id":"AAAAlameer"},"organization":{"fullName":"Saudi Commission for Health Specialties, Saudi Arabia","class":"OTHER_GOV"},"briefTitle":"Effect of Health Education on Female Teachers' Knowledge and Practices Regarding Early Breast Cancer Detection and Screening in the Jazan Area: A Quasi-Experimental Study","officialTitle":"Effect of Health Education on Female Teachers' Knowledge and Practices Regarding Early Breast Cancer Detection and Screening in the Jazan Area: A Quasi-Experimental Study"},"statusModule":{"statusVerifiedDate":"2018-05","overallStatus":"COMPLETED","expandedAccessInfo":{"hasExpandedAccess":false},"startDateStruct":{"date":"2017-11-20","type":"ACTUAL"},"primaryCompletionDateStruct":{"date":"2018-02-28","type":"ACTUAL"},"completionDateStruct":{"date":"2018-03-15","type":"ACTUAL"},"studyFirstSubmitDate":"2017-12-28","studyFirstSubmitQcDate":"2018-01-04","studyFirstPostDateStruct":{"date":"2018-01-12","type":"ACTUAL"},"lastUpdateSubmitDate":"2018-05-02","lastUpdatePostDateStruct":{"date":"2018-05-07","type":"ACTUAL"}},"sponsorCollaboratorsModule":{"responsibleParty":{"type":"SPONSOR_INVESTIGATOR","investigatorFullName":"Anwar Ali Ahmad Alameer","investigatorTitle":"R4 physician in community medicine residency program in southern region. Principal investigator. Jazan Health Directorate, Ministry of Health, Jazan, Saudi Arabia","investigatorAffiliation":"Saudi Commission for Health Specialties, Saudi Arabia"},"leadSponsor":{"name":"Anwar Ali Ahmad Alameer","class":"OTHER_GOV"}},"oversightModule":{"oversightHasDmc":true,"isFdaRegulatedDrug":false,"isFdaRegulatedDevice":false},"descriptionModule":{"briefSummary":"The purpose of this study is to assess the effectiveness of health education in improving the knowledge and practices of female teachers regarding screening tools and the early detection of breast cancer.","detailedDescription":"A two-group quasi-experimental design was conducted among 150 female teachers, who were selected from 75 schools of the Jazan General Administration of Education. Schools were chosen by a simple cluster randomization method. Schools were non-randomly assigned to either the intervention or control group. Eligible participants were recruited by a simple randomization method, proportional to the total number of teachers at each school. Those in the intervention group (n=75 teachers) were compared to the control group (n=75 teachers) at baseline, as well as at 6 weeks and 3 months post-intervention.\n\nStudy aim:\n\nAssess effectiveness of health education on improving knowledge and practices regarding Breast cancer(BC) early detection and screening tools among female teachers after six weeks, three months in health education group in compare with control group.\n\nSpecific objectives:\n\nEstimate level of awareness among female teachers regarding knowledge and practices of BC early detection and screening tools in Jazan area schools.\n\nMeasure the impact of health education on female teachers knowledge and practices regarding BC early detection and screening tools in health education group in compare with control group. So Research questions are:\n\nWhat is the current awareness level of female teachers in Jazan area schools regarding knowledge and practices of BC early detection and screening tools? Does health education improve knowledge and practices regarding BC early detection and screening tools among female teachers in Jazan area schools in health education group more than control group?"},"conditionsModule":{"conditions":["Effect of Health Education Regarding Screening Tools of Breast Cancer"],"keywords":["Breast cancer screening; health education; breast self-examination; clinical breast examination; mammography."]},"designModule":{"studyType":"INTERVENTIONAL","phases":["NA"],"designInfo":{"allocation":"NON_RANDOMIZED","interventionModel":"PARALLEL","primaryPurpose":"PREVENTION","maskingInfo":{"masking":"NONE"}},"enrollmentInfo":{"count":150,"type":"ACTUAL"}},"armsInterventionsModule":{"armGroups":[{"label":"Health education group(intervention group)","type":"EXPERIMENTAL","description":"Standardized heath education Program(SHEP) applied to this group participants .","interventionNames":["Other: Health education"]},{"label":"Control group","type":"PLACEBO_COMPARATOR","description":"Placebo health education.","interventionNames":["Other: Control group"]}],"interventions":[{"type":"OTHER","name":"Health education","description":"SHEP included a comprehensive lecture about BC, with a generally deep focus on detection and screening tools, which were illustrated by a PowerPoint presentation with pictures and videos. The program also included a practical session about BSE (on breast silicon model). At the end of SHEP, a focused group discussion was conducted to answer participants' questions, and to discuss important barriers regarding BSE practice and visiting primary health care centers or clinics to undergo CBE and mammography. Different scientific and administrative solutions were discussed. SHEP materials were distributed as a hard copy (booklet) and in electronic format (CD) for all participants in the health education group at the end of training.","armGroupLabels":["Health education group(intervention group)"]},{"type":"OTHER","name":"Control group","description":"Placebo health education (pamphlets) will be applied to this group participants during study.","armGroupLabels":["Control group"]}]},"outcomesModule":{"primaryOutcomes":[{"measure":"Effectiveness of health education on improving knowledge and practice regarding BC screening tools in health education group(75 female teachers) VS control group(75 female teachers)","description":"Researchers assessed knowledge regarding BC detection and screening tools,through modified version of BCK test questionnaire which originally developed by Kathryn L.McCance,1989, USA, it contains nineteen questions. BSE knowledge and practices were assessed through BSE scale which developed by Champion,V.L.,1984, it contains fifteen questions.\n\nResearchers assessed clinical breast examination (CBE) and mammography practice through questions from ''Detection of Breast Cancer: Knowledge, Attitude, and Practice of Family Health Strategy Women'' questionnaire by de Oliveria RD and ''Intervention Tailoring for Chinese American Women: Comparing the Effect of Two Video on Knowledge, Attitudes, Intentions to Obtain a Mammogram'' questionnaire by Wang JH, it contains 4 questions.All previous questionnaires are valid and reliable instruments.","timeFrame":"Researchers assessed the improvement of participants knowledge and practice six weeks after applying of health education programs in both groups."},{"measure":"Effectiveness of health education on improving knowledge and practice regarding BC screening tools in health education group(75 female teachers) VS control group(75 female","description":"Researchers assessed knowledge regarding BC detection and screening tools,through modified version of BCK test questionnaire which originally developed by Kathryn L.McCance,1989, USA, it contains nineteen questions. BSE knowledge and practices were assessed through BSE scale which developed by Champion,V.L.,1984, it contains fifteen questions.\n\nResearchers assessed clinical breast examination (CBE) and mammography practice through questions from ''Detection of Breast Cancer: Knowledge, Attitude, and Practice of Family Health Strategy Women'' questionnaire by de Oliveria RD and ''Intervention Tailoring for Chinese American Women: Comparing the Effect of Two Video on Knowledge, Attitudes, Intentions to Obtain a Mammogram'' questionnaire by Wang JH, it contains 4 questions.All previous questionnaires are valid and reliable instruments.","timeFrame":"Researchers assessed the improvement of participants knowledge and practice three months after applying of health education programs in both groups."}],"secondaryOutcomes":[{"measure":"Baseline knowledge and practice regarding BC screening tools in health education group(75 female teachers) VS control group(75 female teachers)","description":"Researchers assessed knowledge regarding BC detection and screening tools,through modified version of BCK test questionnaire which originally developed by Kathryn L.McCance,1989, USA, it contains nineteen questions. BSE knowledge and practices were assessed through BSE scale which developed by Champion,V.L.,1984, it contains fifteen questions.\n\nResearchers assessed clinical breast examination (CBE) and mammography practice through questions from ''Detection of Breast Cancer: Knowledge, Attitude, and Practice of Family Health Strategy Women'' questionnaire by de Oliveria RD and ''Intervention Tailoring for Chinese American Women: Comparing the Effect of Two Video on Knowledge, Attitudes, Intentions to Obtain a Mammogram'' questionnaire by Wang JH, it contains 4 questions.All previous questionnaires are valid and reliable instruments.","timeFrame":"At the beginning of study, before applying of health education in both groups"}]},"eligibilityModule":{"eligibilityCriteria":"Inclusion Criteria:\n\n* 20 years. No personal history of BC. No first degree relative of BC. Not being pregnant or breast feeding. Ability to understand questionnaire\n\nExclusion Criteria:\n\nRefused to give informed consent. Sever medical problem prevent participation.","healthyVolunteers":true,"sex":"FEMALE","genderBased":true,"genderDescription":"≥ 20 years. No personal history of BC. No first degree relative of BC. Not being pregnant or breast feeding. Ability to understand questionnaire","minimumAge":"20 Years","stdAges":["ADULT","OLDER_ADULT"]},"contactsLocationsModule":{"locations":[{"facility":"Jazan Area Schools","city":"Jazan","zip":"45911","country":"Saudi Arabia","geoPoint":{"lat":16.88917,"lon":42.55111}}]},"referencesModule":{"references":[{"pmid":"29951902","type":"DERIVED","citation":"Alameer A, Mahfouz MS, Alamir Y, Ali N, Darraj A. Effect of Health Education on Female Teachers' Knowledge and Practices Regarding Early Breast Cancer Detection and Screening in the Jazan Area: a Quasi-Experimental Study. J Cancer Educ. 2019 Oct;34(5):865-870. doi: 10.1007/s13187-018-1386-9."}]},"ipdSharingStatementModule":{"ipdSharing":"NO","description":"After analysis of data, we will destroy all individual data to save participants privacy."}},"derivedSection":{"miscInfoModule":{"versionHolder":"2024-09-24"},"conditionBrowseModule":{"meshes":[{"id":"D000001943","term":"Breast Neoplasms"}],"ancestors":[{"id":"D000009371","term":"Neoplasms by Site"},{"id":"D000009369","term":"Neoplasms"},{"id":"D000001941","term":"Breast Diseases"},{"id":"D000012871","term":"Skin Diseases"}],"browseLeaves":[{"id":"M5220","name":"Breast Neoplasms","asFound":"Breast Cancer","relevance":"HIGH"},{"id":"M5218","name":"Breast Diseases","relevance":"LOW"},{"id":"M15674","name":"Skin Diseases","relevance":"LOW"}],"browseBranches":[{"abbrev":"BC04","name":"Neoplasms"},{"abbrev":"BC17","name":"Skin and Connective Tissue Diseases"},{"abbrev":"All","name":"All Conditions"}]},"interventionBrowseModule":{"browseLeaves":[{"id":"M21860","name":"Pharmaceutical Solutions","relevance":"LOW"},{"id":"M15630","name":"Silicon","relevance":"LOW"}],"browseBranches":[{"abbrev":"PhSol","name":"Pharmaceutical Solutions"},{"abbrev":"All","name":"All Drugs and Chemicals"},{"abbrev":"Micro","name":"Micronutrients"}]}},"hasResults":false}