{"protocolSection":{"identificationModule":{"nctId":"NCT02464774","orgStudyIdInfo":{"id":"2014-FXY-093"},"organization":{"fullName":"Sun Yat-sen University","class":"OTHER"},"briefTitle":"Breast-Conserving Therapy in Patients With Triple-Negative Breast Cancer","officialTitle":"Impact of Breast-Conserving Therapy (BCT) on Recurrence in Patients With Triple-Negative Breast Cancer (TNBC) Compared With Mastectomy"},"statusModule":{"statusVerifiedDate":"2015-06","overallStatus":"UNKNOWN","lastKnownStatus":"NOT_YET_RECRUITING","expandedAccessInfo":{"hasExpandedAccess":false},"startDateStruct":{"date":"2015-07"},"primaryCompletionDateStruct":{"date":"2022-12","type":"ESTIMATED"},"studyFirstSubmitDate":"2015-06-01","studyFirstSubmitQcDate":"2015-06-03","studyFirstPostDateStruct":{"date":"2015-06-08","type":"ESTIMATED"},"lastUpdateSubmitDate":"2015-06-03","lastUpdatePostDateStruct":{"date":"2015-06-08","type":"ESTIMATED"}},"sponsorCollaboratorsModule":{"responsibleParty":{"type":"SPONSOR_INVESTIGATOR","investigatorFullName":"Xiaoming Xie","investigatorTitle":"Chief, Department of Breast Surgical Oncology,Sun Yat-sen University Cancer Center","investigatorAffiliation":"Sun Yat-sen University"},"leadSponsor":{"name":"Xiaoming Xie","class":"OTHER"}},"oversightModule":{"oversightHasDmc":true},"descriptionModule":{"briefSummary":"RATIONALE: Triple-negative breast cancer (TNBC) is an aggressive subtype shown to have a high risk of locoregional recurrence (LRR) and distant metastasis (DM). The equivalent impact of breast-conserving therapy (BCT) and mastectomy on disease-free survival in patients with early breast cancer has been established by a number of large randomized controlled trials and meta-analysis. However, ongoing dispute exists on whether TNBC is a good candidate for BCT.\n\nPURPOSE: This prospective, randomized, open, single-center Phase III clinical study is conducted to compare efficacy and safety of breast-conserving therapy and mastectomy in treating Chinese patients with early TNBC.","detailedDescription":"STUDY POPULATION:\n\nOperable patients with T1-2N0-1M0 triple-negative breast cancer\n\nOBJECTIVES:\n\nPrimary To assess the impact of breast-conserving therapy on disease-free survival compared with mastectomy in patients with T1-2N0-1M0 triple-negative breast cancer.\n\nSecondary To assess the impact of breast-conserving therapy on locoregional recurrence-free survival (LRRFS) and distant metastasis-free survival (DMFS) compared with mastectomy in patients with T1-2N0-1M0 triple-negative breast cancer.\n\nOUTLINE:\n\nThis is a prospective, randomized, open, single-center Phase III clinical study.\n\nPatients undergo either lumpectomy or mastectomy with surgical axillary staging with all lesions resected to negative margins based on the results of randomization generated by computer.\n\nPatients with stage I and II receive adjuvant chemotherapy using TC and TAC regimen respectively.\n\nSince all tumors are smaller than 5cm and metastatic lymph nodes are less than 4, patients undergoing mastectomy do not receive radiation therapy. On the hand, within 4-8 weeks after completion of chemotherapy, patients undergoing breast-conserving surgery receive radiation therapy as follows: (1) N0: Radiation therapy to whole breast (+boost to tumor bed) or consideration of partial breast irradiation in selected patients; (2) N1: Radiation therapy to whole breast (+boost to tumor bed), infraclavicular region, and supraclavicular area with or without radiation therapy to internal mammary nodes.\n\nAfter completion of study treatment, patients are followed up every 3 months for 2 years and then 6 months for years 3-5."},"conditionsModule":{"conditions":["Breast Cancer"],"keywords":["Breast Cancer","Triple-Negative Breast Cancer","Breast-Conserving Therapy","Mastectomy","Recurrence"]},"designModule":{"studyType":"INTERVENTIONAL","phases":["NA"],"designInfo":{"allocation":"RANDOMIZED","interventionModel":"PARALLEL","primaryPurpose":"TREATMENT","maskingInfo":{"masking":"NONE"}},"enrollmentInfo":{"count":464,"type":"ESTIMATED"}},"armsInterventionsModule":{"armGroups":[{"label":"Breast-Conserving Therapy","type":"EXPERIMENTAL","description":"1. Patients undergo lumpectomy with surgical axillary staging with all lesions resected to negative margins.\n2. Within 4-8 weeks after surgery, patients receive adjuvant chemotherapy as follows:\n\n   TC for stage I: Docetaxel 75 mg/m + Cyclophosphamide 600 mg/m, cycled every 21 days for 4 cycles.\n\n   TAC for stage II: Docetaxel 75 mg/m + Doxorubicin 50 mg/m + Cyclophosphamide 500 mg/m, cycled every 21 days for 6 cycles.\n3. Within 4-8 weeks after completion of chemotherapy, patients undergo radiation therapy as follows:\n\nN0: Radiation therapy to whole breast (+boost to tumor bed). N1: Radiation therapy to whole breast (+boost to tumor bed), infraclavicular region, and supraclavicular area with or without radiation therapy to internal mammary nodes.","interventionNames":["Procedure: Breast-Conserving Therapy","Drug: Adjuvant Chemotherapy","Radiation: Radiation Therapy"]},{"label":"Mastectomy","type":"ACTIVE_COMPARATOR","description":"1. Patients undergo mastectomy (MT) with surgical axillary staging.\n2. Within 4-8 weeks after surgery, patients receive adjuvant chemotherapy as follows:\n\nTC for stage I: Docetaxel 75 mg/m + Cyclophosphamide 600 mg/m, cycled every 21 days for 4 cycles.\n\nTAC for stage II: Docetaxel 75 mg/m + Doxorubicin 50 mg/m + Cyclophosphamide 500 mg/m, cycled every 21 days for 6 cycles.","interventionNames":["Procedure: Mastectomy","Drug: Adjuvant Chemotherapy"]}],"interventions":[{"type":"PROCEDURE","name":"Breast-Conserving Therapy","description":"Patients undergo lumpectomy with surgical axillary staging with all lesions resected to negative margins.","armGroupLabels":["Breast-Conserving Therapy"]},{"type":"PROCEDURE","name":"Mastectomy","description":"Patients undergo mastectomy with surgical axillary staging with all lesions resected to negative margins.","armGroupLabels":["Mastectomy"]},{"type":"DRUG","name":"Adjuvant Chemotherapy","description":"Patients with stage I and II receive adjuvant chemotherapy using TC and TAC regimen respectively.","armGroupLabels":["Breast-Conserving Therapy","Mastectomy"]},{"type":"RADIATION","name":"Radiation Therapy","description":"N0: Radiation therapy to whole breast (+boost to tumor bed) or consideration of partial breast irradiation in selected patients; (2) N1: Radiation therapy to whole breast (+boost to tumor bed), infraclavicular region, and supraclavicular area with or without radiation therapy to internal mammary nodes.","armGroupLabels":["Breast-Conserving Therapy"]}]},"outcomesModule":{"primaryOutcomes":[{"measure":"Disease-free survival(DFS)","description":"DFS is defined as time (measured in months) from initial local-regional surgical treatment until first recurrence (local or distant) or last follow-up.","timeFrame":"Up to 5 years post-treatment"}],"secondaryOutcomes":[{"measure":"Locoregional recurrence-free survival(LRRFS)","description":"LRR refers to any progression in the breast/chest wall and/or regional lymph nodes.","timeFrame":"Up to 5 years post-treatment"},{"measure":"Distant metastasis (DM)","description":"DM is determined by clinical and radiographic means and/or histologically proven larger than 0.2mm.","timeFrame":"Up to 5 years post-treatment"}]},"eligibilityModule":{"eligibilityCriteria":"Inclusion Criteria:\n\n1. Female aged 18 - 65 years old;\n2. Staging of Cancer: cT1-2N0-1M0;\n3. Histological confirmed with unilateral invasive carcinoma (all pathological types are applicable);\n4. Definite reports on ER/PR/Her2 receptor showing all ER/PR/Her2 negative (specific definitions: immunohistochemical detection of ER \\<10% tumor cells is defined as ER negative, PR \\<10% positive tumor cells is defined as PR-negative, Her2 is 0\\~1+ or 2+ but determined negative via FISH or CISH detected (no amplification) is defined as Her2 negative);\n5. Newly diagnosed conditions allowing direct surgery without any absolute contraindication for surgery;\n6. ECOG performance score is 0 or 1;\n7. No mass or microscopic tumor residue after surgery resection;\n8. Informed consent form signed.\n9. Willing to return to enrolling institution for follow-up during the Active Monitoring Phase (the active treatment and observation portions) of the study.\n\nExclusion Criteria:\n\n1. Bilateral breast cancer;\n2. Clinical or radiographic evidence of metastatic disease;\n3. Widespread disease that cannot be incorporated by local excision through a single incision that achieves negative margins with a satisfactory cosmetic result;\n4. Diffuse suspicious or malignant-appearing microcalcifications;\n5. Positive pathologic margin;\n6. Any of ER, PR or Her2 is positive;\n7. Previous neoadjuvant therapy, including chemotherapy, radiotherapy and hormone therapy;\n8. Prior history of breast cancer or any other malignant disease (except for basal cell carcinoma and cervical carcinoma in situ);\n9. Severe systemic disease and/or uncontrollable infection, unable to be enrolled in this study;\n10. Known allergic to taxane and anthracycline agents;\n11. Pregnant and breast-feeding women;\n12. With mental illness and cognitive impairment, unable to understand trial protocol and side effects and complete trial protocol and follow-ups;\n13. Without personal freedom and independent civil capacity.","healthyVolunteers":false,"sex":"FEMALE","minimumAge":"18 Years","maximumAge":"65 Years","stdAges":["ADULT","OLDER_ADULT"]}},"derivedSection":{"miscInfoModule":{"versionHolder":"2024-09-24"},"conditionBrowseModule":{"meshes":[{"id":"D000001943","term":"Breast Neoplasms"},{"id":"D000064726","term":"Triple Negative Breast Neoplasms"}],"ancestors":[{"id":"D000009371","term":"Neoplasms by Site"},{"id":"D000009369","term":"Neoplasms"},{"id":"D000001941","term":"Breast Diseases"},{"id":"D000012871","term":"Skin Diseases"}],"browseLeaves":[{"id":"M5220","name":"Breast Neoplasms","asFound":"Breast Cancer","relevance":"HIGH"},{"id":"M30373","name":"Triple Negative Breast Neoplasms","asFound":"Triple Negative Breast Cancer","relevance":"HIGH"},{"id":"M14850","name":"Recurrence","relevance":"LOW"},{"id":"M5218","name":"Breast Diseases","relevance":"LOW"},{"id":"M15674","name":"Skin Diseases","relevance":"LOW"}],"browseBranches":[{"abbrev":"BC04","name":"Neoplasms"},{"abbrev":"BC17","name":"Skin and Connective Tissue Diseases"},{"abbrev":"All","name":"All Conditions"},{"abbrev":"BC23","name":"Symptoms and General Pathology"}]},"interventionBrowseModule":{"browseLeaves":[{"id":"M1668","name":"Docetaxel","relevance":"LOW"},{"id":"M6727","name":"Cyclophosphamide","relevance":"LOW"},{"id":"M16974","name":"Triamcinolone","relevance":"LOW"},{"id":"M16975","name":"Triamcinolone Acetonide","relevance":"LOW"},{"id":"M237966","name":"Triamcinolone hexacetonide","relevance":"LOW"},{"id":"M209573","name":"Triamcinolone diacetate","relevance":"LOW"},{"id":"M7492","name":"Doxorubicin","relevance":"LOW"},{"id":"M227339","name":"Liposomal doxorubicin","relevance":"LOW"}],"browseBranches":[{"abbrev":"ANeo","name":"Antineoplastic Agents"},{"abbrev":"All","name":"All Drugs and Chemicals"},{"abbrev":"ARhu","name":"Antirheumatic Agents"},{"abbrev":"Infl","name":"Anti-Inflammatory Agents"}]}},"hasResults":false}