{"protocolSection":{"identificationModule":{"nctId":"NCT01716065","orgStudyIdInfo":{"id":"355841-17"},"organization":{"fullName":"Defense and Veterans Center for Integrative Pain Management","class":"OTHER"},"briefTitle":"Regional Anesthesia Versus General Anesthesia on Circulating Tumor Cells (CTC)","officialTitle":"Impact of Regional Anesthesia Versus General Anesthesia on Immune Modulation and Clearance of Circulating Tumor Cells (CTC) in Subjects Undergoing Surgery for Primary Nonmetastatic Breast Cancer","acronym":"CTC"},"statusModule":{"statusVerifiedDate":"2014-04","overallStatus":"COMPLETED","expandedAccessInfo":{"hasExpandedAccess":false},"startDateStruct":{"date":"2012-06"},"primaryCompletionDateStruct":{"date":"2013-05","type":"ACTUAL"},"studyFirstSubmitDate":"2012-10-17","studyFirstSubmitQcDate":"2012-10-25","studyFirstPostDateStruct":{"date":"2012-10-29","type":"ESTIMATED"},"lastUpdateSubmitDate":"2014-04-29","lastUpdatePostDateStruct":{"date":"2014-04-30","type":"ESTIMATED"}},"sponsorCollaboratorsModule":{"responsibleParty":{"type":"SPONSOR"},"leadSponsor":{"name":"Defense and Veterans Center for Integrative Pain Management","class":"OTHER"}},"oversightModule":{"oversightHasDmc":false},"descriptionModule":{"briefSummary":"The purpose of the study is to determine whether the type of anesthesia during breast cancer surgery has any impact on the way a patient's immune system functions for a brief period after surgery. If the investigators find that one type of anesthesia versus the other is more beneficial to a patient's immune system, then the investigators may use this information to design a larger study to exam the effect of anesthesia better.","detailedDescription":"There are two different types of anesthesia that the investigators can use for subjects undergoing breast surgery. The first type is called \"general anesthesia\" (GA) which is when a person \"goes to sleep\" with a breathing tube and then receives intravenous (IV) pain medicine during and after surgery to minimize surgical pain. The other type of anesthesia is called \"regional anesthesia\" (RA), or \"nerve blocks\" which numb up the nerves that supply the breast area. By doing this type of anesthesia, subjects often don't go \"to sleep\" with a breathing tube, instead, they get heavy IV sedation and take a \"deep nap\" during the surgery."},"conditionsModule":{"conditions":["Breast Cancer"],"keywords":["Anesthesia, Circulating tumor cells"]},"designModule":{"studyType":"OBSERVATIONAL","designInfo":{"observationalModel":"COHORT","timePerspective":"PROSPECTIVE"},"bioSpec":{"retention":"SAMPLES_WITHOUT_DNA","description":"Samples collected for CTC analysis (2 tubes of 8ml of blood) will be drawn at 4 time points: pre-operative (at least 24 hours before surgery), immediate prior to surgery, 12-24 hours post-operative, and 5-7 days post-operative."},"enrollmentInfo":{"count":12,"type":"ACTUAL"}},"outcomesModule":{"primaryOutcomes":[{"measure":"Circulating Tumor Cells","description":"blood will be drawn preoperative( at least 24 hours before surgery), immediate prior to surgery, immediately postoperative, 12-24 hours postoperative, and at postoperative appointment","timeFrame":"5 days"}],"secondaryOutcomes":[{"measure":"Levels of cytokines","timeFrame":"5 days"},{"measure":"breast cancer antibodies","timeFrame":"5 days"},{"measure":"Dendritic Cells","timeFrame":"5 days"},{"measure":"T and B lymphocytes","timeFrame":"5 days"},{"measure":"Natural Killer Cells (NK cells)","timeFrame":"5 days"}]},"eligibilityModule":{"eligibilityCriteria":"Inclusion Criteria:\n\n* Male and female subjects should be over 18 years of age and capable of providing informed consent indicating awareness of the investigational nature of this trial, in keeping with institutional policy\n* Written informed consent must be obtained from each subject prior to entering the study\n* Subjects with primary non-metastatic AJCC stages I, II or III, scheduled to undergo either unilateral mastectomy with or without Sentinel lymph node biopsy or axillary dissection, or unilateral lumpectomy with Sentinel lymph node biopsy or axillary lymph node dissection\n* Able to stay overnight in the hospital post surgery\n\nExclusion Criteria:\n\n* Any subject younger than 18 years or older than 85 years of age\n* History of previous breast surgery (aside from biopsy), planned breast conserving operation (isolated lumpectomy) or reconstruction (rectus or latissimus flap)\n* American Society of Anesthesia (ASA) classification of 4 or greater, or any contraindication to having regional anesthesia\n* Any subjects who receives an intraoperative or postoperative blood transfusion during the period of venous blood sampling\n* Subjects who are pregnant. Exclusion of the possibility of pregnancy by testing (urine HCG) or by history (tubal ligation, hysterectomy, or menopause) is required prior to inclusion in the study\n* Subjects with active infectious process at the site of proposed paravertebral injection\n* Subjects with significant allergy to local anesthetics\n* Subjects who convert from RA to GA during surgery","healthyVolunteers":false,"sex":"ALL","minimumAge":"18 Years","maximumAge":"85 Years","stdAges":["ADULT","OLDER_ADULT"],"studyPopulation":"We will enroll female and male military health care beneficiaries between the ages 18-85 years old presenting with the diagnosis of primary non-metastatic breast cancer, American Joint Committee on Cancer (AJCC) Stages I, II or III, undergoing surgery with curative intent","samplingMethod":"PROBABILITY_SAMPLE"},"contactsLocationsModule":{"locations":[{"facility":"Walter Reed National Military Medical Center","city":"Bethesda","state":"Maryland","zip":"20889","country":"United States","geoPoint":{"lat":38.98067,"lon":-77.10026}}]}},"derivedSection":{"miscInfoModule":{"versionHolder":"2024-09-24"},"conditionBrowseModule":{"meshes":[{"id":"D000001943","term":"Breast Neoplasms"},{"id":"D000009360","term":"Neoplastic Cells, Circulating"}],"ancestors":[{"id":"D000009371","term":"Neoplasms by Site"},{"id":"D000009369","term":"Neoplasms"},{"id":"D000001941","term":"Breast Diseases"},{"id":"D000012871","term":"Skin Diseases"},{"id":"D000009362","term":"Neoplasm Metastasis"},{"id":"D000009385","term":"Neoplastic Processes"},{"id":"D000010335","term":"Pathologic Processes"}],"browseLeaves":[{"id":"M5220","name":"Breast Neoplasms","asFound":"Breast Cancer","relevance":"HIGH"},{"id":"M12305","name":"Neoplastic Cells, Circulating","asFound":"Circulating Tumor Cells","relevance":"HIGH"},{"id":"M5218","name":"Breast Diseases","relevance":"LOW"},{"id":"M15674","name":"Skin Diseases","relevance":"LOW"},{"id":"M12307","name":"Neoplasm Metastasis","relevance":"LOW"},{"id":"M12330","name":"Neoplastic Processes","relevance":"LOW"}],"browseBranches":[{"abbrev":"BC04","name":"Neoplasms"},{"abbrev":"BC17","name":"Skin and Connective Tissue Diseases"},{"abbrev":"All","name":"All Conditions"},{"abbrev":"BC23","name":"Symptoms and General Pathology"}]},"interventionBrowseModule":{"browseLeaves":[{"id":"M4107","name":"Anesthetics","relevance":"LOW"}],"browseBranches":[{"abbrev":"CNSDep","name":"Central Nervous System Depressants"},{"abbrev":"All","name":"All Drugs and Chemicals"}]}},"hasResults":false}