{"protocolSection":{"identificationModule":{"nctId":"NCT02796365","orgStudyIdInfo":{"id":"HFHS-HF_PROACTIVE"},"organization":{"fullName":"Henry Ford Health System","class":"OTHER"},"briefTitle":"Prevention Using Exercise Rehabilitation to Offset Cardiac Toxicities Induced Via Chemotherapy","officialTitle":"Prevention Using Exercise Rehabilitation to Offset Cardiac Toxicities Induced Via Chemotherapy","acronym":"HF-PROACTIVE"},"statusModule":{"statusVerifiedDate":"2018-12","overallStatus":"COMPLETED","expandedAccessInfo":{"hasExpandedAccess":false},"startDateStruct":{"date":"2016-06"},"primaryCompletionDateStruct":{"date":"2018-12","type":"ACTUAL"},"completionDateStruct":{"date":"2018-12","type":"ACTUAL"},"studyFirstSubmitDate":"2016-04-29","studyFirstSubmitQcDate":"2016-06-07","studyFirstPostDateStruct":{"date":"2016-06-10","type":"ESTIMATED"},"lastUpdateSubmitDate":"2018-12-12","lastUpdatePostDateStruct":{"date":"2018-12-13","type":"ACTUAL"}},"sponsorCollaboratorsModule":{"responsibleParty":{"type":"PRINCIPAL_INVESTIGATOR","investigatorFullName":"Dennis J. Kerrigan","investigatorTitle":"Bioscientific Staff","investigatorAffiliation":"Henry Ford Health System"},"leadSponsor":{"name":"Henry Ford Health System","class":"OTHER"},"collaborators":[{"name":"Helen L. Kay Charitable Trust","class":"UNKNOWN"}]},"oversightModule":{"oversightHasDmc":false},"descriptionModule":{"briefSummary":"The purpose of this study is to identify patients at risk for future heart failure using novel markers of early cardiac damage and determine if exercise training can improve these emerging markers as well as overall fitness and quality of life.","detailedDescription":"With more than 14 million cancer survivors in the United States, more patients than ever are living well beyond their initial cancer diagnosis. However despite the tremendous progress, cancer treatments often come with adverse side-effects, perhaps none are more serious or devastating than chemotherapy induced heart failure.\n\nIn many patients, the clinical manifestation of heart failure may not appear until a year, or several years, after completion of chemotherapy. While an echocardiogram is part of standardized surveillance for patients on these drugs, current echocardiogram parameters may not be sensitive enough to quickly detect early heart damage which, in some cases, is irreversible.\n\nUnfortunately, even if detected early, there is no uniformity in terms of how to best treat patients with subclinical cardiac dysfunction who are at risk for heart failure. The use of certain blood pressure drugs show promise, especially in patients with hypertension. However, in addition to drug side-effects (e.g. dizziness/lightheadedness), they do not target the underlying mechanism of chemotherapy induced cardiotoxicity.\n\nExercise, in various forms, has shown promise in animal studies as a potential cardio-protective therapy to counteract drug toxicity. In general, exercise has many pleiotropic effects for patients receiving chemotherapy (e.g. reduces fatigue, improves endurance, reduces frailty, and enhances quality of life). Relative to DOX toxicity, research involving animals has also shown that exercise protects against deleterious heart dysfunction while showing an enhancement of potential mechanisms involved in chemotherapy induced heart failure (i.e. anti-oxidant and anti-apoptosis pathways).\n\nPatients with cancer who receive either doxorubicin (DOX) or trastuzumab will be screened by one of two methods: 1) a strain echo or 2) a high sensitivity troponin. If either test is positive, patients will meet with a board-certified cardiologist who will determine if the patient may participate in the exercise trial. Under the supervision of a trained clinical exercise physiologist patients will undergo baseline testing, which includes: a quality of life assessment via questionaires, a body composition test, cardiopulmonary stress test and a muscle strength test. These assessment will be performed at baseline and at 12 weeks. Also performed at 12 weeks will be a repeat strain echo and high sensitivity troponin.\n\nFollowing baseline testing patients will be randomized into exercise training versus standard care. The exercise training will include 12 weeks of cardiac rehabilitation which can be offered in Detroit, Livonia, or West Bloomfield. Exercise will consist of 3 days per week of an interval training aerobic exercise on a treadmill and/or bike for 30-60 minutes and 1-2 days per week of an individualized resistance training program."},"conditionsModule":{"conditions":["Doxorubicin Induced Cardiomyopathy","Breast Cancer","Gastric Cancer","Leukemia"],"keywords":["Exercise","Cancer","Cardiotoxicity","Cardiomyopathy","Cardiac Rehabilitation"]},"designModule":{"studyType":"INTERVENTIONAL","phases":["NA"],"designInfo":{"allocation":"RANDOMIZED","interventionModel":"PARALLEL","primaryPurpose":"PREVENTION","maskingInfo":{"masking":"SINGLE","whoMasked":["OUTCOMES_ASSESSOR"]}},"enrollmentInfo":{"count":29,"type":"ACTUAL"}},"armsInterventionsModule":{"armGroups":[{"label":"Exercise","type":"EXPERIMENTAL","description":"Patients will participate in a 10 week outpatient cardiac rehabilitation program. Exercise will consist of 3 days per week of interval training on a treadmill or bike at an intensity between 50-90% of heart rate reserve. Additionally patients will perform resistance exercises 1-2 days per week and attend 8 nutrition and lifestyle classes.","interventionNames":["Other: Exercise"]},{"label":"Usual care","type":"NO_INTERVENTION","description":"Control group will not be instructed on exercise, but encouraged to follow standard medical advice."}],"interventions":[{"type":"OTHER","name":"Exercise","description":"Intervention will include 10 weeks of a standard cardiac rehabilitation program consisting of thrice a week aerobic exercise and 1-2 days per week resistance exercises.","armGroupLabels":["Exercise"]}]},"outcomesModule":{"primaryOutcomes":[{"measure":"Left ventricular strain","description":"Spectral Doppler measure with General Electric software analysis of global longitudinal strain.","timeFrame":"12 weeks"}],"secondaryOutcomes":[{"measure":"Peak VO2","description":"During a graded treadmill test, breath-by-breath sampling of expired air will be measured using a MGC Diagnostics gas exchange analysis system.","timeFrame":"12 weeks"},{"measure":"Percent body fat","description":"Body fat will be analyzed using air displacement plethysmography (BodPod/Cosmed)","timeFrame":"12 weeks"},{"measure":"Isokinetic strength","description":"Peak torque will be measured using the Biodex Isokinetic dynamometer.","timeFrame":"12 weeks"},{"measure":"Quality of life","description":"Quality of life will be assessed using the Functional Assessment of Cancer Therapy (FACT-G).","timeFrame":"12 weeks"},{"measure":"Cardiac Troponin","description":"High sensitivity cardiac troponin will be analyzed using a commercial immunoassay.","timeFrame":"12 weeks"}]},"eligibilityModule":{"eligibilityCriteria":"Inclusion Criteria:\n\n* Patients with cancer who are undergoing or have completed the chemotherapy drugs doxorubicin and/or trastuzumab.\n* Have had a recent echocardiogram with a relative reduction in LV strain of \\>10%.\n* If no recent echocardiogram, have a troponin value \\>0.04 ng/mL, or an increase of 0.04 ng/mL if baseline troponin is elevated.\n* Age \\>/= 18 years.\n* Eastern Cooperative Oncology Group (ECOG) scale 0-2.\n* Males and females.\n\nExclusion Criteria:\n\n* Patients with an Ejection Fraction \\<50%\n* Patients not deemed appropriate by a cardiologist or oncologist\n* Patients with an ECOG scale \\>2\n* Inability to perform exercise\n* Patients who already report exercising \\>2days per week for \\>29 minutes","healthyVolunteers":false,"sex":"ALL","minimumAge":"18 Years","maximumAge":"75 Years","stdAges":["ADULT","OLDER_ADULT"]},"contactsLocationsModule":{"locations":[{"facility":"William Clay Ford Center for Athletic Medicine","city":"Detroit","state":"Michigan","zip":"48202","country":"United States","geoPoint":{"lat":42.33143,"lon":-83.04575}}]},"ipdSharingStatementModule":{"ipdSharing":"NO"}},"derivedSection":{"miscInfoModule":{"versionHolder":"2024-09-24"},"conditionBrowseModule":{"meshes":[{"id":"D000009202","term":"Cardiomyopathies"},{"id":"D000066126","term":"Cardiotoxicity"}],"ancestors":[{"id":"D000006331","term":"Heart Diseases"},{"id":"D000002318","term":"Cardiovascular Diseases"},{"id":"D000010335","term":"Pathologic Processes"},{"id":"D000064420","term":"Drug-Related Side Effects and Adverse Reactions"},{"id":"D000064419","term":"Chemically-Induced Disorders"},{"id":"D000011832","term":"Radiation Injuries"},{"id":"D000014947","term":"Wounds and Injuries"}],"browseLeaves":[{"id":"M5220","name":"Breast Neoplasms","relevance":"LOW"},{"id":"M12154","name":"Cardiomyopathies","asFound":"Cardiomyopathy","relevance":"HIGH"},{"id":"M10945","name":"Leukemia","relevance":"LOW"},{"id":"M16064","name":"Stomach Neoplasms","relevance":"LOW"},{"id":"M30670","name":"Cardiotoxicity","asFound":"Cardiac Toxicity","relevance":"HIGH"},{"id":"M9419","name":"Heart Diseases","relevance":"LOW"},{"id":"M30303","name":"Drug-Related Side Effects and Adverse Reactions","relevance":"LOW"},{"id":"M30302","name":"Chemically-Induced Disorders","relevance":"LOW"},{"id":"M14679","name":"Radiation Injuries","relevance":"LOW"},{"id":"M17685","name":"Wounds and Injuries","relevance":"LOW"},{"id":"T5486","name":"Stomach Cancer","relevance":"LOW"},{"id":"T1930","name":"Doxorubicin Induced Cardiomyopathy","asFound":"Doxorubicin Induced Cardiomyopathy","relevance":"HIGH"}],"browseBranches":[{"abbrev":"BC04","name":"Neoplasms"},{"abbrev":"BC17","name":"Skin and Connective Tissue Diseases"},{"abbrev":"All","name":"All Conditions"},{"abbrev":"BC14","name":"Heart and Blood Diseases"},{"abbrev":"BC15","name":"Blood and Lymph Conditions"},{"abbrev":"BC06","name":"Digestive System Diseases"},{"abbrev":"BC23","name":"Symptoms and General Pathology"},{"abbrev":"BC25","name":"Substance Related Disorders"},{"abbrev":"BC26","name":"Wounds and Injuries"},{"abbrev":"Rare","name":"Rare Diseases"}]}},"hasResults":false}