{"protocolSection":{"identificationModule":{"nctId":"NCT05779566","orgStudyIdInfo":{"id":"2022/005-OST"},"organization":{"fullName":"Fundación para la Investigación del Hospital Clínico de Valencia","class":"OTHER"},"briefTitle":"Evaluation of the Functional/Emotional Life Characteristics of Ongoing EAT in BC Patients With Reduced BMD","officialTitle":"Exploratory Evaluation of the Functional/Emotional Life Characteristics During the First Year of Ongoing Endocrine Adjuvant Treatment With Aromatase Inhibitors in Breast Cancer Patients With Reduced Bone Mineral Density","acronym":"REBECCA-OST"},"statusModule":{"statusVerifiedDate":"2024-05","overallStatus":"ACTIVE_NOT_RECRUITING","expandedAccessInfo":{"hasExpandedAccess":false},"startDateStruct":{"date":"2023-01-09","type":"ACTUAL"},"primaryCompletionDateStruct":{"date":"2024-01-31","type":"ACTUAL"},"completionDateStruct":{"date":"2024-06-30","type":"ESTIMATED"},"studyFirstSubmitDate":"2022-10-07","studyFirstSubmitQcDate":"2023-03-09","studyFirstPostDateStruct":{"date":"2023-03-22","type":"ACTUAL"},"lastUpdateSubmitDate":"2024-05-16","lastUpdatePostDateStruct":{"date":"2024-05-20","type":"ACTUAL"}},"sponsorCollaboratorsModule":{"responsibleParty":{"type":"SPONSOR_INVESTIGATOR","investigatorFullName":"Cristina Hernando","investigatorTitle":"Principal Investigator","investigatorAffiliation":"Fundación para la Investigación del Hospital Clínico de Valencia"},"leadSponsor":{"name":"Cristina Hernando","class":"OTHER"}},"oversightModule":{"oversightHasDmc":true,"isFdaRegulatedDrug":false,"isFdaRegulatedDevice":false},"descriptionModule":{"briefSummary":"Exploratory evaluation of the Functional/Emotional Life characteristics during the first year of ongoing endocrine adjuvant treatment with Aromatase Inhibitors in Breast Cancer patients (BCP) with reduced Bone Mineral Density (BMD)","detailedDescription":"Many breast cancer therapies cause decreases in bone mineral density (BMD), as a result of oestrogen deprivation, a well-established risk factor for osteopenia (OST), osteoporosis and bone fractures. That leads to breast cancer patients having reduced bone mass, leading to higher risk for bone osteoporosis-related fractures, compared with age-matched healthy women, necessitating routine bone health assessments after a diagnosis of breast cancer. Such treatments include adjuvant endocrine therapies (e.g., tamoxifen and aromatase inhibitors) commonly used for hormone receptor-positive breast cancers, the most common type of breast cancer.\n\nAdditionally, chemotherapy or ablation of ovarian function (either medically or surgically) can lead to premature menopause among younger women and further reduce BMD5. Despite the advances in the pharmacology managing cancer treatment-induced osteopenia, the long-term efficacy of drug effects is debatable6 and there are numerous concerns about rare (but significant) side-effects of anti-resorptive drugs, particularly bisphosphonates. Those challenges necessitate additional research for the optimal OST management as a chronic breast cancer comorbidity.\n\nThus, the elucidation of the precise onset and progress of OST in patients and its interaction with lifestyle and high risk behaviours are now receiving increased research attention, aiming at the identification of novel patient management strategies to alleviate the chronic effects of the condition.\n\nIn order to counter the important life-effects of OST in breast cancer patients, current disease management schemes propose the integration of non-pharmacologic measures to maintain (or improve) optimal bone health, such as weight-bearing exercises and calcium and vitamin D supplementation. However, the lack of objective RWD on the effects of increased BMD on lifestyle is a serious challenge for the design of pragmatic and individualized patient management strategies. Indeed, lifestyle advice for increased physical activity are usually generic, lacking disease-specific knowledge, probably affecting the efficacy of exercise interventions. Overall, further evidence is required to optimise antiresorptive treatments, the use and choice of pharmacological agents, the duration of treatment and the potential of interaction with ongoing endocrine treatment.\n\nThus, the study will conduct the longitudinal comparison of Functional and Emotional Life Indices in Breast Cancer patients exhibiting significant reduction of BMD up to 12 months of adjuvant treatment with aromatase inhibitors, compared against matched BCPs with mild reduction of BMD. The study will use RWD to assess the safety and the effectiveness of aromatase inhibitor adjuvant endocrine therapy, with regards to osteopenia symptomatology over time. The study will consider data from 3 routine clinical evaluations (study month 0, 6 and 12) for the objective evaluation of BMD loss, complemented with continuous REBECCA use for 12 months. The collected data will include:\n\n* Patient-reported measures: Medical and treatment history interview, project-related measurements, health-related quality of life, adjuvant treatment compliance estimation\n* Medical examination: Gynecological physical and anthropometric examination, blood sampling, densitometry\n\nFor the REBECCA use, the participants will be trained in the use of the monitoring modules of the REBECCA platforms, facilitating the collection of real-world data (12 months). They will return (after 6 months) for a routine medical evaluation of osteopenia-related symptomatology and adjuvant treatment evaluation. They will complete a QoL questionnaire, and perform a structured interview, concerning mainly the appearance of new symptoms and adverse events or signs regarding bone issues, as well as a gynecological exam.\n\nBlood tests will be collected, compliance to treatment will be evaluated and treatment satisfaction will be assessed.\n\nThe meeting will be repeated at 12 months, including a BMD examination"},"conditionsModule":{"conditions":["Breast Cancer","Osteopenia"]},"designModule":{"studyType":"OBSERVATIONAL","patientRegistry":true,"targetDuration":"1 Year","designInfo":{"observationalModel":"COHORT","timePerspective":"PROSPECTIVE"},"enrollmentInfo":{"count":82,"type":"ACTUAL"}},"armsInterventionsModule":{"armGroups":[{"label":"OST","description":"Patients with osteoporosis or severe osteopenia defined as having a significantly reduced BMD (T-score equal or lower than -1.5)","interventionNames":["Diagnostic Test: bone densitometry"]},{"label":"Mild OST","description":"Patients with mild-to-no reduction of BMD at the same post-treatment time point (T-score higher than -1.5)","interventionNames":["Diagnostic Test: bone densitometry"]}],"interventions":[{"type":"DIAGNOSTIC_TEST","name":"bone densitometry","description":"bone densitometry every 6 month","armGroupLabels":["Mild OST","OST"]}]},"outcomesModule":{"primaryOutcomes":[{"measure":"Bone mineral density (BMD)","description":"Chronic osteopenia, as a result of significant reduction of BMD, is expected to significantly negatively affect Functional Life characteristics in BCPs undergoing adjuvant endocrine aromatase inhibitors treatments in comparison to those with milder symptomatology.\n\nThe association of the long-term outcomes of the PROM Index with the trajectory of reduced BMD-related symptomatology, as well as the Functional Life Index progression will be examined as an estimate of the safety and the effectiveness of the aromatase inhibitor adjuvant endocrine therapy.\n\nIt is expected that the severity of reduced BMD-related symptomatology is associated with further deterioration of the Functional Life Index.\n\nUnits: gr/cm\\^2","timeFrame":"1 year"}],"secondaryOutcomes":[{"measure":"Adjuvant treatment compliance","description":"Adjuvant treatment compliance estimation (scale scored from 1 to 10)","timeFrame":"1 year"},{"measure":"Weight","description":"Weight measurement (kg) as part of the anthropometric examination","timeFrame":"1 year"},{"measure":"Height","description":"Height measurement (cm) as part of the anthropometric examination","timeFrame":"1 year"},{"measure":"C-Telopeptide concentration","description":"C-Telopeptide concentration (pg/mL) from the blood samples extracted over the course of the study","timeFrame":"1 year"}]},"eligibilityModule":{"eligibilityCriteria":"Inclusion Criteria:\n\n* Before patient registration, written informed consent must be given according to national and local regulations.\n* Participants have had histologically proven stage I-III breast cancer undergoing endocrine treatment (with or without prior chemotherapy) no more than 12 months prior to randomization.\n* Be between 18 and 75 years of age.\n* Have increased life expectancy beyond the initial 3 months post-treatment initiation.\n* Have the ability to understand protocol, participate in testing and willingness to sign a written informed consent.\n* Absence of any psychological, familial, sociological or geographical condition potentially hampering compliance with the study protocol and follow-up schedule.\n\nExclusion Criteria:\n\n* Patients already diagnosed with Osteopenia/Osteoporosis and already receiving BMD treatment (bisphosphonates or denosumab)\n* Patients already diagnosed with osteopenia/osteoporosis who have already suffered a bone event related to decreased BMD\n* Patients that are not willing to sign an informed consent form","healthyVolunteers":false,"sex":"FEMALE","genderBased":true,"minimumAge":"18 Years","maximumAge":"75 Years","stdAges":["ADULT","OLDER_ADULT"],"studyPopulation":"The study participant recruitment pool will be the whole population of BCPs undergoing endocrine adjuvant treatment (aromatase inhibitors) in the Oncology Department at Hospital Clínico de Valencia (Spain). As part of the ongoing patient follow-up, potential candidates with significant or milder reductions in BMD will be identified at study inclusion (early stages of adjuvant treatment period) based on comparisons with standard population BM measures (i.e., densitometry examination outcome: T-score lower than -1.0211). At this point, appropriate patients interested in the study will be informed about the study and written consents will be obtained.\n\nAll the potential participants will be female due to the nature of Breast Cancer","samplingMethod":"NON_PROBABILITY_SAMPLE"},"contactsLocationsModule":{"locations":[{"facility":"Hospital Clínico Universitario de Valencia","city":"Valencia","zip":"46010","country":"Spain","geoPoint":{"lat":39.46975,"lon":-0.37739}}]},"referencesModule":{"seeAlsoLinks":[{"label":"Related Info","url":"https://rebeccaproject.eu/"}]},"ipdSharingStatementModule":{"ipdSharing":"UNDECIDED"}},"documentSection":{"largeDocumentModule":{"largeDocs":[{"typeAbbrev":"ICF","hasProtocol":false,"hasSap":false,"hasIcf":true,"label":"Informed Consent Form","date":"2022-01-05","uploadDate":"2023-02-24T07:19","filename":"ICF_000.pdf","size":247323}]}},"derivedSection":{"miscInfoModule":{"versionHolder":"2024-09-24"},"conditionBrowseModule":{"meshes":[{"id":"D000001943","term":"Breast Neoplasms"},{"id":"D000001851","term":"Bone Diseases, Metabolic"}],"ancestors":[{"id":"D000009371","term":"Neoplasms by Site"},{"id":"D000009369","term":"Neoplasms"},{"id":"D000001941","term":"Breast Diseases"},{"id":"D000012871","term":"Skin Diseases"},{"id":"D000001847","term":"Bone Diseases"},{"id":"D000009140","term":"Musculoskeletal Diseases"},{"id":"D000008659","term":"Metabolic Diseases"}],"browseLeaves":[{"id":"M5220","name":"Breast Neoplasms","asFound":"Breast Cancer","relevance":"HIGH"},{"id":"M5130","name":"Bone Diseases, Metabolic","asFound":"Osteopenia","relevance":"HIGH"},{"id":"M5126","name":"Bone Diseases","relevance":"LOW"},{"id":"M5218","name":"Breast Diseases","relevance":"LOW"},{"id":"M15674","name":"Skin Diseases","relevance":"LOW"},{"id":"M12097","name":"Musculoskeletal Diseases","relevance":"LOW"},{"id":"M11639","name":"Metabolic Diseases","relevance":"LOW"}],"browseBranches":[{"abbrev":"BC04","name":"Neoplasms"},{"abbrev":"BC17","name":"Skin and Connective Tissue Diseases"},{"abbrev":"All","name":"All Conditions"},{"abbrev":"BC05","name":"Musculoskeletal Diseases"},{"abbrev":"BC18","name":"Nutritional and Metabolic Diseases"}]},"interventionBrowseModule":{"browseLeaves":[{"id":"M25769","name":"Aromatase Inhibitors","relevance":"LOW"}],"browseBranches":[{"abbrev":"All","name":"All Drugs and Chemicals"}]}},"hasResults":false}