{"protocolSection":{"identificationModule":{"nctId":"NCT04213365","orgStudyIdInfo":{"id":"2019-A02500-57"},"organization":{"fullName":"Centre Francois Baclesse","class":"OTHER"},"briefTitle":"Management of Cognitive Difficulties After Cancer Treatments in Women Treated for Breast Cancer: Feasibility Study (Step 1 of the Cog-Stim Protocol)","officialTitle":"Management of Cognitive Difficulties After Cancer Treatments in Women Treated for Breast Cancer: Feasibility Study (Step 1 of the Cog-Stim Protocol)","acronym":"COG STIM"},"statusModule":{"statusVerifiedDate":"2022-03","overallStatus":"COMPLETED","expandedAccessInfo":{"hasExpandedAccess":false},"startDateStruct":{"date":"2020-01-24","type":"ACTUAL"},"primaryCompletionDateStruct":{"date":"2021-11-02","type":"ACTUAL"},"completionDateStruct":{"date":"2022-02-11","type":"ACTUAL"},"studyFirstSubmitDate":"2019-12-27","studyFirstSubmitQcDate":"2019-12-27","studyFirstPostDateStruct":{"date":"2019-12-30","type":"ACTUAL"},"lastUpdateSubmitDate":"2022-03-07","lastUpdatePostDateStruct":{"date":"2022-03-08","type":"ACTUAL"}},"sponsorCollaboratorsModule":{"responsibleParty":{"type":"SPONSOR"},"leadSponsor":{"name":"Centre Francois Baclesse","class":"OTHER"},"collaborators":[{"name":"National Cancer Institute, France","class":"OTHER_GOV"},{"name":"Ligue contre le cancer, France","class":"OTHER"}]},"oversightModule":{"oversightHasDmc":false,"isFdaRegulatedDrug":false,"isFdaRegulatedDevice":false},"descriptionModule":{"briefSummary":"Investigator general objective is therefore to study and compare the benefit of several methods of management of cognitive difficulties reported by patients during treatment for breast cancer, among several treatments, offered independently in patients' homes and supervised from a distance: adapted physical activity only, cognitive stimulation only, and adapted physical activity coupled with cognitive stimulation (during separate sessions). The study will therefore be the first to include a group benefiting from these two management methods, which will make it possible to assess the individual benefit of cognitive stimulation sessions and adapted physical activity but also the benefit of combined sessions.As this type of combined management has never been the subject of a study, and previous studies relating to a single type of management having raised patient adhesion difficulties, it does not seem certain that this type of care is feasible in practice. Before studying its effectiveness, it is therefore essential to check the feasibility and acceptability of such a program combining sessions of adapted physical activity and cognitive stimulation sessions.Investigator will therefore first carry out a feasibility study, longitudinal and monocentric, which will assess the adherence of patients treated for breast cancer to the performance of cognitive stimulation sessions coupled with sessions of adapted physical activity.This feasibility study is a key stage of the Cog-Stim protocol because its results will probably highlight the obstacles to the intervention program, which will allow the investigator to propose adjustments to improve the study design for the following stages of the protocol. (design optimization)."},"conditionsModule":{"conditions":["Breast Cancer"]},"designModule":{"studyType":"INTERVENTIONAL","phases":["NA"],"designInfo":{"allocation":"NA","interventionModel":"SINGLE_GROUP","primaryPurpose":"OTHER","maskingInfo":{"masking":"NONE"}},"enrollmentInfo":{"count":20,"type":"ACTUAL"}},"armsInterventionsModule":{"armGroups":[{"label":"cognitive stimulation and adapted physical activity","type":"OTHER","description":"12 weeks of cognitive stimulation sessions coupled with APA (Adapted Physical Activity) sessions.","interventionNames":["Other: Cognitive stimulation sessions coupled with Adapted Physical Activity sessions."]}],"interventions":[{"type":"OTHER","name":"Cognitive stimulation sessions coupled with Adapted Physical Activity sessions.","description":"12 weeks of cognitive stimulation sessions coupled with APA (Adapted Physical Activity) sessions.","armGroupLabels":["cognitive stimulation and adapted physical activity"]}]},"outcomesModule":{"primaryOutcomes":[{"measure":"Patient adherence","description":"The proposrtion of patients who will realize cognitive stimulation sessions coupled with sessions of adapted physical activity","timeFrame":"between inclusion and 3 months"}],"secondaryOutcomes":[{"measure":"Proportion of acceptance","description":"Proportion of patient who accept the participation in the study","timeFrame":"Before inclusion"},{"measure":"Patient satisfaction","description":"Satisfaction questionnary (Patient satisfaction questionnary; minimum 1 t maximum 5; 15 questions)","timeFrame":"between inclusion and 3 months"}]},"eligibilityModule":{"eligibilityCriteria":"Inclusion Criteria:\n\n* Patient aged over 18,\n* Patient with localized breast cancer, starting or receiving adjuvant radiotherapy , having or not receiving previous adjuvant chemotherapy, not yet having started hormone therapy,\n* Patient with a cognitive complaint having a significant impact on her quality of life (FACT\n* Cog questionnaire, QoL score ≤ percentile 10 by age),\n* Absence of major cognitive impairment preventing the performance of cognitive tests (compliance with the MoCA score threshold according to the age and educational level of the patient according to GRECOGVASC standards)\n* Absence of personality disorders and known progressive psychiatric pathology (e.g. schizophrenia),\n* Absence of symptomatic neurological history (neurological sequelae of a head trauma, stroke with loss of consciousness\\> 30 min, multiple sclerosis, epilepsy, neurodegenerative pathology, etc.),\n* Patient with level of education 3 \"end of primary education\" minimum (Barbizet scale),\n* Have access to a computer (fixed or portable) equipped with a keyboard, a webcam (or the possibility of connecting one), headphones or speakers; have an internet connection and an e-mail account; be able to use these tools and Equipment,\n* Mastery of the French language,\n* Patient who signed the consent to participate in the study.\n* Patients should start the study during radiation therapy.\n\nExclusion Criteria:\n\n* Abuse of alcohol or drug use,\n* Severe visual and / or hearing loss,\n* Patient unable to respond to cognitive tests,\n* Medical contraindication to the practice of adapted physical activity\n* Cognitive management in progress,\n* Patient's refusal to participate,\n* Patient deprived of liberty or under guardianship,\n* Patient unable to submit to study monitoring for geographic, social or psychopathological reasons.","healthyVolunteers":false,"sex":"FEMALE","minimumAge":"18 Months","stdAges":["CHILD","ADULT","OLDER_ADULT"]},"contactsLocationsModule":{"locations":[{"facility":"centre François Baclesse","city":"Caen","zip":"14076","country":"France","geoPoint":{"lat":49.18585,"lon":-0.35912}}]},"ipdSharingStatementModule":{"ipdSharing":"NO"}},"derivedSection":{"miscInfoModule":{"versionHolder":"2024-09-24"},"conditionBrowseModule":{"meshes":[{"id":"D000001943","term":"Breast Neoplasms"}],"ancestors":[{"id":"D000009371","term":"Neoplasms by Site"},{"id":"D000009369","term":"Neoplasms"},{"id":"D000001941","term":"Breast Diseases"},{"id":"D000012871","term":"Skin Diseases"}],"browseLeaves":[{"id":"M5220","name":"Breast Neoplasms","asFound":"Breast Cancer","relevance":"HIGH"},{"id":"M5218","name":"Breast Diseases","relevance":"LOW"},{"id":"M15674","name":"Skin Diseases","relevance":"LOW"}],"browseBranches":[{"abbrev":"BC04","name":"Neoplasms"},{"abbrev":"BC17","name":"Skin and Connective Tissue Diseases"},{"abbrev":"All","name":"All Conditions"}]}},"hasResults":false}