{"protocolSection":{"identificationModule":{"nctId":"NCT03175666","orgStudyIdInfo":{"id":"QUILT-3.049"},"organization":{"fullName":"ImmunityBio, Inc.","class":"INDUSTRY"},"briefTitle":"QUILT-3.049: NANT Triple Negative Breast Cancer (TNBC) Vaccine: Combination Immunotherapy in Subjects With TNBC Who Have Progressed on or After Anthracycline-based Chemotherapy","officialTitle":"NANT Triple Negative Breast Cancer (TNBC) Vaccine: Combination Immunotherapy in Subjects With TNBC Who Have Progressed on or After Anthracycline-based Chemotherapy"},"statusModule":{"statusVerifiedDate":"2017-10","overallStatus":"WITHDRAWN","whyStopped":"Trial not initiated","startDateStruct":{"date":"2017-12","type":"ESTIMATED"},"primaryCompletionDateStruct":{"date":"2019-01","type":"ESTIMATED"},"completionDateStruct":{"date":"2019-03","type":"ESTIMATED"},"studyFirstSubmitDate":"2017-05-31","studyFirstSubmitQcDate":"2017-06-01","studyFirstPostDateStruct":{"date":"2017-06-05","type":"ACTUAL"},"lastUpdateSubmitDate":"2021-03-17","lastUpdatePostDateStruct":{"date":"2021-03-18","type":"ACTUAL"}},"sponsorCollaboratorsModule":{"responsibleParty":{"type":"SPONSOR"},"leadSponsor":{"name":"ImmunityBio, Inc.","class":"INDUSTRY"}},"oversightModule":{"oversightHasDmc":false,"isFdaRegulatedDrug":true,"isFdaRegulatedDevice":false},"descriptionModule":{"briefSummary":"This is a phase 1b/2 study to evaluate the safety and efficacy of metronomic combination therapy in subjects with metastatic or unresectable TNBC who have progressed on or after anthracycline-based chemotherapy or who have refused anthracycline-based chemotherapy.","detailedDescription":"Treatment will be administered in 2 phases, an induction and a maintenance phase, as described below. Subjects will continue induction treatment for up to 1 year or until they experience progressive disease (PD) or experience unacceptable toxicity (not correctable with dose reduction), withdraw consent, or if the Investigator feels it is no longer in the subject's best interest to continue treatment. Those who have a complete response (CR) in the induction phase will enter the maintenance phase of the study. Subjects may remain on the maintenance phase of the study for up to 1 year. Treatment will continue in the maintenance phase until the subject experiences PD or unacceptable toxicity (not correctable with dose reduction), withdraws consent, or if the Investigator feels it is no longer in the subject's best interest to continue treatment."},"conditionsModule":{"conditions":["Triple Negative Breast Cancer"]},"designModule":{"studyType":"INTERVENTIONAL","phases":["PHASE1","PHASE2"],"designInfo":{"allocation":"NA","interventionModel":"SINGLE_GROUP","primaryPurpose":"TREATMENT","maskingInfo":{"masking":"NONE"}},"enrollmentInfo":{"count":0,"type":"ACTUAL"}},"armsInterventionsModule":{"armGroups":[{"label":"Nant TNBC","type":"EXPERIMENTAL","description":"avelumab, bevacizumab, capecitabine, cisplatin, cyclophosphamide, 5-fluorouracil, leucovorin, nab-paclitaxel, lovaza, stereotactic body radiation therapy, ALT-803, ETBX-011, ETBX-051, ETBX-061, GI-4000, GI-6207, GI-6301, and haNK.","interventionNames":["Biological: avelumab","Biological: bevacizumab","Drug: capecitabine","Drug: cisplatin","Drug: cyclophosphamide","Drug: 5-Fluorouracil","Drug: Leucovorin","Drug: nab-paclitaxel","Drug: Lovaza","Radiation: Stereotactic Body Radiation Therapy","Biological: ALT-803","Biological: ETBX-011","Biological: ETBX-051","Biological: ETBX-061","Biological: GI-4000","Biological: GI-6207","Biological: GI-6301","Biological: haNK"]}],"interventions":[{"type":"BIOLOGICAL","name":"avelumab","description":"Fully human anti-PD-L1 IgG1 lambda monoclonal antibody","armGroupLabels":["Nant TNBC"]},{"type":"BIOLOGICAL","name":"bevacizumab","description":"Recombinant human anti-VEGF IgG1 monoclonal antibody","armGroupLabels":["Nant TNBC"]},{"type":"DRUG","name":"capecitabine","description":"5'-deoxy-5-fluoro-N-\\[(pentyloxy) carbonyl\\]-cytidine","armGroupLabels":["Nant TNBC"]},{"type":"DRUG","name":"cisplatin","description":"(SP-4-2)-diamminedichloroplatinum(II)","armGroupLabels":["Nant TNBC"]},{"type":"DRUG","name":"cyclophosphamide","description":"2-\\[bis(2-chloroethyl)amino\\]tetrahydro-2H-1,3,2-oxazaphosphorine 2-oxide monohydrate","armGroupLabels":["Nant TNBC"]},{"type":"DRUG","name":"5-Fluorouracil","description":"5-fluoro-2,4 (1H,3H)-pyrimidinedione","armGroupLabels":["Nant TNBC"]},{"type":"DRUG","name":"Leucovorin","description":"Calcium N-\\[p-\\[\\[\\[(6RS)-2-amino-5-formyl-5,6,7,8-tetrahydro-4-hydroxy-6-pteridinyl\\]methyl\\]amino\\]benzoyl\\]-L-glutamate (1:1)","armGroupLabels":["Nant TNBC"]},{"type":"DRUG","name":"nab-paclitaxel","description":"5β,20-Epoxy-1,2α,4,7β,10β,13α-hexahydroxytax-11-en-9-one 4,10-diacetate 2-benzoate 13-ester with (2R,3S)-N-benzoyl-3-phenylisoserine","armGroupLabels":["Nant TNBC"]},{"type":"DRUG","name":"Lovaza","description":"omega-3-acid ethyl esters)","armGroupLabels":["Nant TNBC"]},{"type":"RADIATION","name":"Stereotactic Body Radiation Therapy","description":"(SBRT)","armGroupLabels":["Nant TNBC"]},{"type":"BIOLOGICAL","name":"ALT-803","description":"recombinant human super agonist interleukin-15 (IL-15) complex","armGroupLabels":["Nant TNBC"]},{"type":"BIOLOGICAL","name":"ETBX-011","description":"adenovirus serotype-5 \\[Ad5\\] \\[E1-, E2b-\\]-CEA (carcinoembryonic antigen)","armGroupLabels":["Nant TNBC"]},{"type":"BIOLOGICAL","name":"ETBX-051","description":"Ad5 \\[E1-, E2b-\\]-Brachyury","armGroupLabels":["Nant TNBC"]},{"type":"BIOLOGICAL","name":"ETBX-061","description":"Ad5 \\[E1-, E2b-\\]-mucin 1 (MUC1)","armGroupLabels":["Nant TNBC"]},{"type":"BIOLOGICAL","name":"GI-4000","description":"RAS yeast vaccine","armGroupLabels":["Nant TNBC"]},{"type":"BIOLOGICAL","name":"GI-6207","description":"CEA yeast vaccine","armGroupLabels":["Nant TNBC"]},{"type":"BIOLOGICAL","name":"GI-6301","description":"Brachyury yeast vaccine","armGroupLabels":["Nant TNBC"]},{"type":"BIOLOGICAL","name":"haNK","description":"NK-92 \\[CD16.158V, ER IL-2\\], Suspension for Intravenous \\[IV\\] Infusion (haNK™ for Infusion)","armGroupLabels":["Nant TNBC"]}]},"outcomesModule":{"primaryOutcomes":[{"measure":"Incidence of treatment-emergent adverse events (AEs) and serious AEs (SAEs), graded using the National Cancer Institute (NCI) Common Terminology Criteria for Adverse Events (CTCAE) Version 4.03.","description":"Phase 1b primary endpoint (safety)","timeFrame":"1 year"},{"measure":"Objective response rate (ORR) by Response Evaluation Criteria in Solid Tumors (RECIST) Version 1.1","description":"Phase 2 primary endpoint (ORR by RECIST)","timeFrame":"1 year"},{"measure":"ORR by Immune-related response criteria (irRC )","description":"Phase 2 primary endpoint (ORR by irRC)","timeFrame":"1 year"}],"secondaryOutcomes":[{"measure":"ORR by RECIST Version 1.1","description":"Phase 1b secondary endpoint (ORR by RECIST)","timeFrame":"1 year"},{"measure":"ORR by irRC","description":"Phase 1b secondary endpoint (ORR by irRC)","timeFrame":"1 year"},{"measure":"Progression-free survival (PFS) by RECIST Version 1.1","description":"Phase 1b and 2 secondary endpoint (PFS by RECIST)","timeFrame":"2 years"},{"measure":"PFS by irRC","description":"Phase 1b and 2 secondary endpoint (PFS by irRC)","timeFrame":"2 years"},{"measure":"Overall survival (OS): time from the date of first treatment to the date of death (any cause)","description":"Phase 1b and 2 secondary endpoint (OS)","timeFrame":"2 years"},{"measure":"Duration of response (DR): time from the date of first response (partial response (PR) or complete response (CR)) to the date of disease progression or death (any cause) whichever occurs first","description":"Phase 1b and 2 secondary endpoint (DR)","timeFrame":"2 years"},{"measure":"Disease control rate (DCR): confirmed complete response, partial response, or stable disease lasting for at least 2 months","description":"Phase 1b and 2 secondary endpoint (DCR)","timeFrame":"2 months"},{"measure":"Patient-reported outcomes (PRO) using the Functional Assessment of Cancer Therapy (FACT) Breast Symptom Index (FBSI) questionnaire","description":"Phase 1b and 2 secondary endpoint (PRO)","timeFrame":"2 years"},{"measure":"Incidence of treatment-emergent Adverse Events (AEs) and Serious Adverse Events (SAEs), graded using the NCI CTCAE Version 4.03","description":"Phase 2 secondary endpoint (AEs)","timeFrame":"1 year"}]},"eligibilityModule":{"eligibilityCriteria":"Inclusion Criteria:\n\n1. Age ≥ 18 years.\n2. Able to understand and provide a signed informed consent that fulfills the relevant Institutional Review Board (IRB) or Independent Ethics Committee (IEC) guidelines.\n3. Histologically confirmed metastatic or unresectable TNBC that has either progressed on or after anthracycline-based chemotherapy or subject has refused anthracycline-based chemotherapy.\n4. Eastern Cooperative Oncology Group (ECOG) performance status of 0 to 2.\n5. Have at least 1 measurable lesion of ≥ 1.5 cm.\n6. Must have a recent tumor biopsy specimen obtained following the conclusion of the most recent anticancer treatment. If a historic specimen is not available, the subject must be willing to undergo a biopsy during the screening period.\n7. Must be willing to provide blood samples, and, if considered safe by the Investigator, a tumor biopsy specimen at 8 weeks after the start of treatment.\n8. Ability to attend required study visits and return for adequate follow-up, as required by this protocol.\n9. Agreement to practice effective contraception for female subjects of child-bearing potential and non-sterile males. Female subjects of child-bearing potential must agree to use effective contraception for up to 1 year after completion of therapy, and non-sterile male subjects must agree to use a condom for up to 4 months after treatment.\n\nExclusion Criteria:\n\n1. History of persistent grade 2 or higher (CTCAE Version 4.03) hematologic toxicity resulting from previous therapy.\n2. Within 5 years prior to first dose of study treatment, any evidence of other active malignancies or brain metastasis except controlled basal cell carcinoma; prior history of prostate cancer that is not under active systemic treatment (except hormonal therapy) and with undetectable prostate-specific antigen (PSA) (\\< 0.2 ng/mL); and bulky (≥ 1.5 cm) disease with metastasis in the central hilar area of the chest and involving the pulmonary vasculature.\n3. Serious uncontrolled concomitant disease that would contraindicate the use of the investigational drug used in this study or that would put the subject at high risk for treatment-related complications.\n4. Systemic autoimmune disease (eg, lupus erythematosus, rheumatoid arthritis, Addison's disease, autoimmune disease associated with lymphoma).\n5. History of organ transplant requiring immunosuppression.\n6. History of or active inflammatory bowel disease (eg, Crohn's disease, ulcerative colitis).\n7. Requires whole blood transfusion to meet eligibility criteria.\n8. Inadequate organ function, evidenced by the following laboratory results:\n\n   1. White blood cell (WBC) count \\< 3,500 cells/mm3.\n   2. Absolute neutrophil count \\< 1,500 cells/mm3.\n   3. Platelet count \\< 100,000 cells/mm3.\n   4. Hemoglobin \\< 9 g/dL.\n   5. Total bilirubin greater than the upper limit of normal (ULN; unless the subject has documented Gilbert's syndrome).\n   6. Aspartate aminotransferase (AST \\[SGOT\\]) or alanine aminotransferase (ALT \\[SGPT\\]) \\> 2.5 × ULN (\\> 5 × ULN in subjects with liver metastases).\n   7. Alkaline phosphatase levels \\> 2.5 × ULN (\\> 5 × ULN in subjects with liver metastases, or \\> 10 × ULN in subjects with bone metastases).\n   8. Serum creatinine \\> 2.0 mg/dL or 177 μmol/L.\n   9. International normalized ratio (INR) or activated partial thromboplastin time (aPTT) or partial thromboplastin time (PTT) \\>1.5 × ULN (unless on therapeutic anti-coagulation).\n9. Uncontrolled hypertension (systolic \\> 150 mm Hg and/or diastolic \\> 100 mm Hg) or clinically significant (ie, active) cardiovascular disease, cerebrovascular accident/stroke, or myocardial infarction within 6 months prior to first study medication; unstable angina; congestive heart failure of New York Heart Association grade 2 or higher; or serious cardiac arrhythmia requiring medication.\n10. Dyspnea at rest due to complications of advanced malignancy or other disease requiring continuous oxygen therapy.\n11. Positive results of screening test for human immunodeficiency virus (HIV), hepatitis B virus (HBV), or hepatitis C virus (HCV).\n12. Current chronic daily treatment (continuous for \\> 3 months) with systemic corticosteroids (dose equivalent to or greater than 10 mg/day methylprednisolone), excluding inhaled steroids. Short-term steroid use to prevent IV contrast allergic reaction or anaphylaxis in subjects who have known contrast allergies is allowed.\n13. Known hypersensitivity to any component of the study medication(s).\n14. Subjects taking any medication(s) (herbal or prescribed) known to have an adverse drug reaction with any of the study medications.\n15. Concurrent or prior use of a strong CYP3A4 inhibitor (including ketoconazole, itraconazole, posaconazole, clarithromycin, indinavir, nefazodone, nelfinavir, ritonavir, saquinavir, telithromycin, voriconazole, and grapefruit products) or strong CYP3A4 inducers (including phenytoin, carbamazepine, rifampin, rifabutin, rifapentin, phenobarbital, and St John's Wort) within 14 days before study day 1.\n16. Concurrent or prior use of a strong CYP2C8 inhibitor (gemfibrozil) or moderate CYP2C8 inducer (rifampin) within 14 days before study day 1.\n17. Participation in an investigational drug study or history of receiving any investigational treatment within 14 days prior to screening for this study, except for testosterone-lowering therapy in men with prostate cancer.\n18. Assessed by the Investigator to be unable or unwilling to comply with the requirements of the protocol.\n19. Concurrent participation in any interventional clinical trial.\n20. Pregnant and nursing women.","healthyVolunteers":false,"sex":"ALL","minimumAge":"18 Years","stdAges":["ADULT","OLDER_ADULT"]},"ipdSharingStatementModule":{"ipdSharing":"NO"}},"derivedSection":{"miscInfoModule":{"versionHolder":"2024-09-24"},"conditionBrowseModule":{"meshes":[{"id":"D000001943","term":"Breast Neoplasms"},{"id":"D000064726","term":"Triple Negative Breast Neoplasms"}],"ancestors":[{"id":"D000009371","term":"Neoplasms by Site"},{"id":"D000009369","term":"Neoplasms"},{"id":"D000001941","term":"Breast Diseases"},{"id":"D000012871","term":"Skin Diseases"}],"browseLeaves":[{"id":"M5220","name":"Breast Neoplasms","asFound":"Breast Cancer","relevance":"HIGH"},{"id":"M30373","name":"Triple Negative Breast Neoplasms","asFound":"Triple Negative Breast Cancer","relevance":"HIGH"},{"id":"M5218","name":"Breast Diseases","relevance":"LOW"},{"id":"M15674","name":"Skin Diseases","relevance":"LOW"}],"browseBranches":[{"abbrev":"BC04","name":"Neoplasms"},{"abbrev":"BC17","name":"Skin and Connective Tissue Diseases"},{"abbrev":"All","name":"All Conditions"}]},"interventionBrowseModule":{"meshes":[{"id":"D000002955","term":"Leucovorin"},{"id":"D000017239","term":"Paclitaxel"},{"id":"D000003520","term":"Cyclophosphamide"},{"id":"D000068258","term":"Bevacizumab"},{"id":"D000069287","term":"Capecitabine"},{"id":"D000005472","term":"Fluorouracil"},{"id":"C000609138","term":"Avelumab"}],"ancestors":[{"id":"D000000972","term":"Antineoplastic Agents, Phytogenic"},{"id":"D000000970","term":"Antineoplastic Agents"},{"id":"D000050257","term":"Tubulin Modulators"},{"id":"D000050256","term":"Antimitotic Agents"},{"id":"D000050258","term":"Mitosis Modulators"},{"id":"D000045504","term":"Molecular Mechanisms of Pharmacological Action"},{"id":"D000007166","term":"Immunosuppressive Agents"},{"id":"D000007155","term":"Immunologic Factors"},{"id":"D000045505","term":"Physiological Effects of Drugs"},{"id":"D000018501","term":"Antirheumatic Agents"},{"id":"D000018906","term":"Antineoplastic Agents, Alkylating"},{"id":"D000000477","term":"Alkylating Agents"},{"id":"D000019653","term":"Myeloablative Agonists"},{"id":"D000074322","term":"Antineoplastic Agents, Immunological"},{"id":"D000020533","term":"Angiogenesis Inhibitors"},{"id":"D000043924","term":"Angiogenesis Modulating Agents"},{"id":"D000006133","term":"Growth Substances"},{"id":"D000006131","term":"Growth Inhibitors"},{"id":"D000000964","term":"Antimetabolites, Antineoplastic"},{"id":"D000000963","term":"Antimetabolites"},{"id":"D000000931","term":"Antidotes"},{"id":"D000020011","term":"Protective Agents"},{"id":"D000014803","term":"Vitamin B Complex"},{"id":"D000014815","term":"Vitamins"},{"id":"D000018977","term":"Micronutrients"}],"browseLeaves":[{"id":"M19537","name":"Paclitaxel","asFound":"Time","relevance":"HIGH"},{"id":"M6727","name":"Cyclophosphamide","asFound":"Tablet","relevance":"HIGH"},{"id":"M17360","name":"Vaccines","relevance":"LOW"},{"id":"M5381","name":"Calcium","relevance":"LOW"},{"id":"M246","name":"Bevacizumab","asFound":"Non-","relevance":"HIGH"},{"id":"M377","name":"Capecitabine","asFound":"200","relevance":"HIGH"},{"id":"M6191","name":"Leucovorin","asFound":"May","relevance":"HIGH"},{"id":"M8600","name":"Fluorouracil","asFound":"According","relevance":"HIGH"},{"id":"M4230","name":"Antibodies, Monoclonal","relevance":"LOW"},{"id":"M4225","name":"Antibodies","relevance":"LOW"},{"id":"M10184","name":"Immunoglobulins","relevance":"LOW"},{"id":"M231","name":"Albumin-Bound Paclitaxel","relevance":"LOW"},{"id":"M6182","name":"Cisplatin","relevance":"LOW"},{"id":"M2853","name":"Immunomodulating Agents","relevance":"LOW"},{"id":"M5398","name":"Calcium, Dietary","relevance":"LOW"},{"id":"M344580","name":"Avelumab","asFound":"Green","relevance":"HIGH"},{"id":"M26197","name":"Tubulin Modulators","relevance":"LOW"},{"id":"M26196","name":"Antimitotic Agents","relevance":"LOW"},{"id":"M10212","name":"Immunosuppressive Agents","relevance":"LOW"},{"id":"M10201","name":"Immunologic Factors","relevance":"LOW"},{"id":"M20604","name":"Antirheumatic Agents","relevance":"LOW"},{"id":"M20942","name":"Antineoplastic Agents, Alkylating","relevance":"LOW"},{"id":"M3820","name":"Alkylating Agents","relevance":"LOW"},{"id":"M1346","name":"Antineoplastic Agents, Immunological","relevance":"LOW"},{"id":"M22318","name":"Angiogenesis Inhibitors","relevance":"LOW"},{"id":"M9231","name":"Growth Inhibitors","relevance":"LOW"},{"id":"M4281","name":"Antimetabolites","relevance":"LOW"},{"id":"M4250","name":"Antidotes","relevance":"LOW"},{"id":"M21869","name":"Protective Agents","relevance":"LOW"},{"id":"M17558","name":"Vitamins","relevance":"LOW"},{"id":"M8618","name":"Folic Acid","relevance":"LOW"},{"id":"M17546","name":"Vitamin B Complex","relevance":"LOW"},{"id":"M21009","name":"Micronutrients","relevance":"LOW"},{"id":"M16885","name":"Trace Elements","relevance":"LOW"},{"id":"T415","name":"Omega 3 Fatty Acid","relevance":"LOW"},{"id":"T5","name":"Glutamic Acid","relevance":"LOW"},{"id":"T446","name":"Folic Acid","relevance":"LOW"},{"id":"T448","name":"Folate","relevance":"LOW"},{"id":"T475","name":"Vitamin B9","relevance":"LOW"}],"browseBranches":[{"abbrev":"ANeo","name":"Antineoplastic Agents"},{"abbrev":"All","name":"All Drugs and Chemicals"},{"abbrev":"ARhu","name":"Antirheumatic Agents"},{"abbrev":"Micro","name":"Micronutrients"},{"abbrev":"BDCA","name":"Bone Density Conservation Agents"},{"abbrev":"Hemat","name":"Hematinics"},{"abbrev":"Ot","name":"Other Dietary Supplements"},{"abbrev":"AA","name":"Amino Acids"},{"abbrev":"Vi","name":"Vitamins"}]}},"hasResults":false}