{"protocolSection":{"identificationModule":{"nctId":"NCT02024074","orgStudyIdInfo":{"id":"IRB00064317"},"organization":{"fullName":"Emory University","class":"OTHER"},"briefTitle":"Evaluation of Magnetic Resonance Imaging (MRI) vs Molecular Breast Imaging (Tc-MBI) in Breast Cancer Patients","officialTitle":"Performance of Tc99m Sestamibi Molecular Breast Imaging (Tc-MBI) Versus Magnetic Resonance Imaging in the Diagnosis of Breast Carcinoma: A Pilot Study"},"statusModule":{"statusVerifiedDate":"2015-02","overallStatus":"TERMINATED","whyStopped":"Study terminated by the Sponsor due to slow enrollment","expandedAccessInfo":{"hasExpandedAccess":false},"startDateStruct":{"date":"2013-11"},"primaryCompletionDateStruct":{"date":"2015-01","type":"ACTUAL"},"completionDateStruct":{"date":"2015-01","type":"ACTUAL"},"studyFirstSubmitDate":"2013-12-23","studyFirstSubmitQcDate":"2013-12-23","studyFirstPostDateStruct":{"date":"2013-12-31","type":"ESTIMATED"},"lastUpdateSubmitDate":"2015-02-05","lastUpdatePostDateStruct":{"date":"2015-02-06","type":"ESTIMATED"}},"sponsorCollaboratorsModule":{"responsibleParty":{"type":"PRINCIPAL_INVESTIGATOR","investigatorFullName":"Raghuveer Halkar, MD","investigatorTitle":"Professor, School of Medicine, Department of Radiology","investigatorAffiliation":"Emory University"},"leadSponsor":{"name":"Emory University","class":"OTHER"}},"oversightModule":{"oversightHasDmc":true},"descriptionModule":{"briefSummary":"The objective of this study is to evaluate the usefulness of Tc-99m Sestamibi Molecular Breast Imaging as an imaging modality for breast cancer screening.\n\nTc-MBI has shown significantly higher sensitivity and equivalent specificity in the detection of breast cancer among high risk women when compared to mammography. However, there is little published data comparing Tc-MBI to MRI for evaluating extent of disease in women with known breast cancer.\n\nThe study will target twenty (20) women with newly diagnosed breast cancer who are scheduled to undergo biopsy of additional suspicious lesions that were identified on standard of care contrast- enhanced breast MRI. Prior to the biopsy, these subjects will receive a Tc-MBI scan of the breast. The results from both imaging methods will be compared to histological findings. These results may be used to design larger and more comprehensive studies with an overarching goal to determine if there is a role for Tc-MBI in the pre-operative evaluation of patients with known breast cancer."},"conditionsModule":{"conditions":["Breast Cancer"]},"designModule":{"studyType":"INTERVENTIONAL","phases":["PHASE1"],"designInfo":{"allocation":"NA","interventionModel":"SINGLE_GROUP","primaryPurpose":"DIAGNOSTIC","maskingInfo":{"masking":"NONE"}},"enrollmentInfo":{"count":1,"type":"ACTUAL"}},"armsInterventionsModule":{"armGroups":[{"label":"Sestamibi(Tc- MBI) scan of the breast","type":"OTHER","interventionNames":["Other: Sestamibi (Tc-MBI) scan of the breast"]}],"interventions":[{"type":"OTHER","name":"Sestamibi (Tc-MBI) scan of the breast","description":"Patients will be given 8mCi of Sestamibi intravenously. following which Sestamibi scan will be performed on the breast. Sestamibi scan will be done prior to any surgical procedure..","armGroupLabels":["Sestamibi(Tc- MBI) scan of the breast"]}]},"outcomesModule":{"primaryOutcomes":[{"measure":"Cancer detection rates by Sestambi imaging","description":"This study will determine whether Tc-MBI is useful in the pre-operative evaluation of patients with known breast cancer. Patients will be tracked for 2 years to see if histological evidence is found to confirm Tc-MBI findings","timeFrame":"Up to 2 years"}]},"eligibilityModule":{"eligibilityCriteria":"Inclusion Criteria:\n\nWomen Patients must be 18 years of age or older. Patients will have biopsy proven unilateral breast cancer with ipsilateral or contralateral suspicious lesions on contrast-enhanced breast MRI and be a candidate for additional tissue biopsy.\n\nPatients must be able to remain still for Tc-MBI scanning Patients must be able to provide written informed consent\n\nExclusion Criteria:\n\nMen, age less than 18, inability to remain still for Tc-MBI scanning, cannot provide written informed consent, known untreated bilateral breast cancer, evidence of distant metastasis disease (M=1), pregnancy.","healthyVolunteers":false,"sex":"FEMALE","minimumAge":"18 Years","stdAges":["ADULT","OLDER_ADULT"]},"contactsLocationsModule":{"locations":[{"facility":"Emory University Hospital","city":"Atlanta","state":"Georgia","zip":"30322","country":"United States","geoPoint":{"lat":33.749,"lon":-84.38798}}]}},"derivedSection":{"miscInfoModule":{"versionHolder":"2024-09-24"},"conditionBrowseModule":{"meshes":[{"id":"D000001943","term":"Breast Neoplasms"}],"ancestors":[{"id":"D000009371","term":"Neoplasms by Site"},{"id":"D000009369","term":"Neoplasms"},{"id":"D000001941","term":"Breast Diseases"},{"id":"D000012871","term":"Skin Diseases"}],"browseLeaves":[{"id":"M5220","name":"Breast Neoplasms","asFound":"Breast Cancer","relevance":"HIGH"},{"id":"M5534","name":"Carcinoma","relevance":"LOW"},{"id":"M5218","name":"Breast Diseases","relevance":"LOW"},{"id":"M15674","name":"Skin Diseases","relevance":"LOW"}],"browseBranches":[{"abbrev":"BC04","name":"Neoplasms"},{"abbrev":"BC17","name":"Skin and Connective Tissue Diseases"},{"abbrev":"All","name":"All Conditions"}]},"interventionBrowseModule":{"browseLeaves":[{"id":"M19552","name":"Technetium Tc 99m Sestamibi","relevance":"LOW"}],"browseBranches":[{"abbrev":"All","name":"All Drugs and Chemicals"}]}},"hasResults":false}