{"protocolSection":{"identificationModule":{"nctId":"NCT02865265","orgStudyIdInfo":{"id":"0109060/16"},"organization":{"fullName":"San Salvatore Hospital of L'Aquila","class":"OTHER"},"briefTitle":"Pecs II Block and PaB Could be an Alternative in Breast Surgery","officialTitle":"Association Between Ultrasound-guided Pecs II Block and Parasternal Block May Represent a Valid Alternative for the Management of Acute and Postoperative Pain Syndrome in Breast Cancer Surgery: a Retrospective Study"},"statusModule":{"statusVerifiedDate":"2016-08","overallStatus":"COMPLETED","expandedAccessInfo":{"hasExpandedAccess":false},"startDateStruct":{"date":"2013-03"},"primaryCompletionDateStruct":{"date":"2013-03","type":"ACTUAL"},"completionDateStruct":{"date":"2015-12","type":"ACTUAL"},"studyFirstSubmitDate":"2016-08-04","studyFirstSubmitQcDate":"2016-08-09","studyFirstPostDateStruct":{"date":"2016-08-12","type":"ESTIMATED"},"lastUpdateSubmitDate":"2016-08-09","lastUpdatePostDateStruct":{"date":"2016-08-12","type":"ESTIMATED"}},"sponsorCollaboratorsModule":{"responsibleParty":{"type":"SPONSOR_INVESTIGATOR","investigatorFullName":"Emiliano Petrucci","investigatorTitle":"Dr Emiliano Petrucci","investigatorAffiliation":"San Salvatore Hospital of L'Aquila"},"leadSponsor":{"name":"Emiliano Petrucci","class":"OTHER"}},"oversightModule":{"oversightHasDmc":true},"descriptionModule":{"briefSummary":"The association between ultrasound-guided Pecs II block and parasternal block can represent a valid alternative in the management of acute and postoperative pain syndrome after quadrantectomy with or without axillary dissection.","detailedDescription":"The combination of Pecs II block and PaB provides good management of postoperative pain and can be considered a viable alternative to common anesthetic procedures performed for breast cancer surgery."},"conditionsModule":{"conditions":["Breast Cancer"]},"designModule":{"studyType":"OBSERVATIONAL","patientRegistry":false,"designInfo":{"timePerspective":"RETROSPECTIVE"},"enrollmentInfo":{"count":180,"type":"ACTUAL"}},"armsInterventionsModule":{"armGroups":[{"label":"Pecs II and parasternal blocks","description":"Pecs II block was performed at the level of the fourth rib in the fascial plane between the minor pectoral and serratus anterior muscles, and 20 ml of 0.5% levobupivacaine solution were injected.\n\nAn ultrasound-guided ipsilateral PaB was performed via two separate injections of 4 ml of 0.375% levobupivacaine at the level of the 2nd and 4th intercostal space underneath the external intercostal membrane between the major pectoral and intercostal muscles close to the surface of the 2nd and 4th rib.","interventionNames":["Procedure: Pecs II and parasternal blocks"]}],"interventions":[{"type":"PROCEDURE","name":"Pecs II and parasternal blocks","description":"Pecs II block was performed at the level of the fourth rib in the fascial plane between the minor pectoral and serratus anterior muscles, and 20 ml of 0.5% levobupivacaine solution were injected.\n\nAn ultrasound-guided ipsilateral parasternal block was performed via two separate injections of 4 ml of 0.375% levobupivacaine at the level of the 2nd and 4th intercostal space underneath the external intercostal membrane between the major pectoral and intercostal muscles close to the surface of the 2nd and 4th rib.","armGroupLabels":["Pecs II and parasternal blocks"]}]},"outcomesModule":{"primaryOutcomes":[{"measure":"Pain","description":"Pain has been evaluate with visual analogue scale (VAS) at 24 months after surgery","timeFrame":"Pain was recorded at 24 months after surgery"}],"secondaryOutcomes":[{"measure":"Neuropathic postoperative disturbances","description":"Neuropathic postoperative disturbances were examined using the von Frey hair test (neuropathic disturbances: present/not present) at 24 months","timeFrame":"Neuropathic postoperative disturbances were recorded at 24 months after surgery"},{"measure":"Patient satisfaction","description":"Patient satisfaction with regard to the anesthetic procedure was assessed using a five-step satisfaction scale (not at all/slightly/somewhat/very/extremely satisfied).","timeFrame":"Patient satisfaction was evaluated at 1 day after surgery"},{"measure":"Woud healing","description":"Wound healing was assessed using a three-step scale (unacceptable/acceptable/excellent healing) in accordance with the surgeon's opinion.","timeFrame":"Wound healing was assessed at 24 months after surgery"}]},"eligibilityModule":{"eligibilityCriteria":"Inclusion Criteria:\n\n* 18-75 years of age;\n* American Society of Anesthesiologists (ASA) physical status I-III,\n* patients scheduled for quadrantectomy with or without axillary dissection\n\nExclusion Criteria:\n\n* pregnancy;\n* body mass index (BMI) \\>35;\n* allergy to local anesthetics;\n* skeletal or muscle abnormalities of the chest wall;\n* presence of primary or secondary neurological diseases;\n* presence of psychiatric diseases;\n* history of chronic pain or neuropathic disorders;\n* history of drug abuse;\n* state of sepsis;\n* infection\n* tumors of the skin on the chest;\n* primary;\n* secondary coagulopathies","healthyVolunteers":false,"sex":"FEMALE","minimumAge":"18 Years","maximumAge":"75 Years","stdAges":["ADULT","OLDER_ADULT"],"studyPopulation":"Patients scheduled for quadrantectomy with or without axillary dissection.","samplingMethod":"PROBABILITY_SAMPLE"},"ipdSharingStatementModule":{"ipdSharing":"NO"}},"derivedSection":{"miscInfoModule":{"versionHolder":"2024-09-24"},"conditionBrowseModule":{"meshes":[{"id":"D000001943","term":"Breast Neoplasms"}],"ancestors":[{"id":"D000009371","term":"Neoplasms by Site"},{"id":"D000009369","term":"Neoplasms"},{"id":"D000001941","term":"Breast Diseases"},{"id":"D000012871","term":"Skin Diseases"}],"browseLeaves":[{"id":"M5220","name":"Breast Neoplasms","asFound":"Breast Cancer","relevance":"HIGH"},{"id":"M16355","name":"Syndrome","relevance":"LOW"},{"id":"M13069","name":"Pain, Postoperative","relevance":"LOW"},{"id":"M13066","name":"Pain","relevance":"LOW"},{"id":"M5218","name":"Breast Diseases","relevance":"LOW"},{"id":"M15674","name":"Skin Diseases","relevance":"LOW"},{"id":"T170","name":"Acute Graft Versus Host Disease","relevance":"LOW"}],"browseBranches":[{"abbrev":"BC04","name":"Neoplasms"},{"abbrev":"BC17","name":"Skin and Connective Tissue Diseases"},{"abbrev":"All","name":"All Conditions"},{"abbrev":"BC23","name":"Symptoms and General Pathology"},{"abbrev":"Rare","name":"Rare Diseases"}]},"interventionBrowseModule":{"browseLeaves":[{"id":"M1832","name":"Levobupivacaine","relevance":"LOW"},{"id":"M21860","name":"Pharmaceutical Solutions","relevance":"LOW"}],"browseBranches":[{"abbrev":"CNSDep","name":"Central Nervous System Depressants"},{"abbrev":"All","name":"All Drugs and Chemicals"},{"abbrev":"PhSol","name":"Pharmaceutical Solutions"}]}},"hasResults":false}