{"protocolSection":{"identificationModule":{"nctId":"NCT05594082","orgStudyIdInfo":{"id":"YOUNGBC-24"},"organization":{"fullName":"Fudan University","class":"OTHER"},"briefTitle":"Real-world Effectiveness and Safety Study of T-Dxd in Chinese Metastatic Breast Cancer","officialTitle":"Real-world Effectiveness and Safety Study of T-Dxd in Chinese Metastatic Breast Cancer."},"statusModule":{"statusVerifiedDate":"2023-03","overallStatus":"ACTIVE_NOT_RECRUITING","expandedAccessInfo":{"hasExpandedAccess":false},"startDateStruct":{"date":"2021-11-01","type":"ACTUAL"},"primaryCompletionDateStruct":{"date":"2024-07-01","type":"ESTIMATED"},"completionDateStruct":{"date":"2024-07-01","type":"ESTIMATED"},"studyFirstSubmitDate":"2022-10-08","studyFirstSubmitQcDate":"2022-10-25","studyFirstPostDateStruct":{"date":"2022-10-26","type":"ACTUAL"},"lastUpdateSubmitDate":"2023-03-31","lastUpdatePostDateStruct":{"date":"2023-04-04","type":"ACTUAL"}},"sponsorCollaboratorsModule":{"responsibleParty":{"type":"PRINCIPAL_INVESTIGATOR","investigatorFullName":"Biyun Wang, MD","investigatorTitle":"Professor","investigatorAffiliation":"Fudan University"},"leadSponsor":{"name":"Fudan University","class":"OTHER"}},"oversightModule":{"isFdaRegulatedDrug":false,"isFdaRegulatedDevice":false},"descriptionModule":{"briefSummary":"The aim of this trial is to explore the real-world effectiveness and poteintial predictors in Chinese metastatic breast cancer patients."},"conditionsModule":{"conditions":["Breast Cancer"]},"designModule":{"studyType":"OBSERVATIONAL","patientRegistry":false,"designInfo":{"observationalModel":"COHORT","timePerspective":"RETROSPECTIVE"},"enrollmentInfo":{"count":150,"type":"ESTIMATED"}},"armsInterventionsModule":{"interventions":[{"type":"DRUG","name":"Trastuzumab Deruxtecan","description":"Trastuzumab Deruxtecan, 5.4 mg/kg ivgtt q3w"}]},"outcomesModule":{"primaryOutcomes":[{"measure":"PFS","description":"progression-free survival","timeFrame":"6 weeks"}],"secondaryOutcomes":[{"measure":"ORR","description":"Overall Response Rate","timeFrame":"6 weeks"},{"measure":"CBR","description":"Clinical benefit Rates","timeFrame":"6 weeks"},{"measure":"OS","description":"Overall Survival","timeFrame":"6 weeks"},{"measure":"Number of participants with treatment-related adverse events as assessed by CTCAE v4.0","description":"Safety","timeFrame":"6 weeks"}]},"eligibilityModule":{"eligibilityCriteria":"Inclusion Criteria:\n\n1. Patients aged over 18 years old.\n2. Metastatic breast cancer included unresectable locally advanced breast cancer, de novo stage IV breast cancer, and recurrent metastatic breast cancer.\n3. Plan to receive or has received Trastuzumab Deruxtecan monotherapy\n4. Available medical history.\n\nExclusion Criteria:\n\n1. Incomplete medical history.\n2. Pregnancy or breast-breeding","healthyVolunteers":false,"sex":"FEMALE","minimumAge":"18 Years","stdAges":["ADULT","OLDER_ADULT"],"studyPopulation":"Chinese metastatic breast cancer patients","samplingMethod":"NON_PROBABILITY_SAMPLE"},"contactsLocationsModule":{"locations":[{"facility":"Fudan University Shanghai Cancer Center","city":"Shanghai","state":"Shanghai","zip":"200032","country":"China","geoPoint":{"lat":31.22222,"lon":121.45806}}]}},"derivedSection":{"miscInfoModule":{"versionHolder":"2024-09-24"},"conditionBrowseModule":{"meshes":[{"id":"D000001943","term":"Breast Neoplasms"}],"ancestors":[{"id":"D000009371","term":"Neoplasms by Site"},{"id":"D000009369","term":"Neoplasms"},{"id":"D000001941","term":"Breast Diseases"},{"id":"D000012871","term":"Skin Diseases"}],"browseLeaves":[{"id":"M5220","name":"Breast Neoplasms","asFound":"Breast Cancer","relevance":"HIGH"},{"id":"M5218","name":"Breast Diseases","relevance":"LOW"},{"id":"M15674","name":"Skin Diseases","relevance":"LOW"}],"browseBranches":[{"abbrev":"BC04","name":"Neoplasms"},{"abbrev":"BC17","name":"Skin and Connective Tissue Diseases"},{"abbrev":"All","name":"All Conditions"}]},"interventionBrowseModule":{"meshes":[{"id":"D000068878","term":"Trastuzumab"},{"id":"C000614160","term":"Trastuzumab deruxtecan"}],"ancestors":[{"id":"D000074322","term":"Antineoplastic Agents, Immunological"},{"id":"D000000970","term":"Antineoplastic Agents"},{"id":"D000018796","term":"Immunoconjugates"},{"id":"D000007155","term":"Immunologic Factors"},{"id":"D000045505","term":"Physiological Effects of Drugs"}],"browseLeaves":[{"id":"M325","name":"Trastuzumab","asFound":"Follow-up","relevance":"HIGH"},{"id":"M233243","name":"Trastuzumab deruxtecan","asFound":"Proton Pump Inhibitor","relevance":"HIGH"},{"id":"M1346","name":"Antineoplastic Agents, Immunological","relevance":"LOW"},{"id":"M20855","name":"Immunoconjugates","relevance":"LOW"},{"id":"M10201","name":"Immunologic Factors","relevance":"LOW"}],"browseBranches":[{"abbrev":"ANeo","name":"Antineoplastic Agents"},{"abbrev":"All","name":"All Drugs and Chemicals"}]}},"hasResults":false}