{"protocolSection":{"identificationModule":{"nctId":"NCT04259866","orgStudyIdInfo":{"id":"05022020"},"organization":{"fullName":"\"G Criscuoli\" Hospital","class":"OTHER"},"briefTitle":"FALSE POSITIVE FINDINGS IN BREAST CANCER TOMOSYNTHESIS","officialTitle":"FALSE POSITIVE FINDINGS IN BREAST CANCER TOMOSYNTHESIS: An Analysis of Findings Leading to Recall and Work-up in ASL Avellino Screening"},"statusModule":{"statusVerifiedDate":"2020-02","overallStatus":"COMPLETED","expandedAccessInfo":{"hasExpandedAccess":false},"startDateStruct":{"date":"2019-01-01","type":"ACTUAL"},"primaryCompletionDateStruct":{"date":"2020-01-01","type":"ACTUAL"},"completionDateStruct":{"date":"2020-01-01","type":"ACTUAL"},"studyFirstSubmitDate":"2020-02-05","studyFirstSubmitQcDate":"2020-02-05","studyFirstPostDateStruct":{"date":"2020-02-07","type":"ACTUAL"},"lastUpdateSubmitDate":"2020-02-05","lastUpdatePostDateStruct":{"date":"2020-02-07","type":"ACTUAL"}},"sponsorCollaboratorsModule":{"responsibleParty":{"type":"PRINCIPAL_INVESTIGATOR","investigatorFullName":"Graziella Di Grezia","investigatorTitle":"1st level Assistant Physician","investigatorAffiliation":"Azienda Sanitaria ASL Avellino 2"},"leadSponsor":{"name":"\"G Criscuoli\" Hospital","class":"OTHER"}},"oversightModule":{"oversightHasDmc":false,"isFdaRegulatedDrug":false,"isFdaRegulatedDevice":false},"descriptionModule":{"briefSummary":"To analyse false positives in breast cancer screening with tomosynthesis versus 2D mammography. The Avellino Breast Tomosynthesis Screening Trial is a observational population-based study that analyze souspicious findings in tomosynthesis slice images.\n\nThis study is based on two years screening and tomosynthesis was analzyed by two expert breast radiologists."},"conditionsModule":{"conditions":["Breast Cancer Screening"]},"designModule":{"studyType":"OBSERVATIONAL","patientRegistry":false,"designInfo":{"observationalModel":"CASE_ONLY","timePerspective":"CROSS_SECTIONAL"},"enrollmentInfo":{"count":4500,"type":"ACTUAL"}},"outcomesModule":{"primaryOutcomes":[{"measure":"recall rate","timeFrame":"15 days"}]},"eligibilityModule":{"eligibilityCriteria":"Inclusion Criteria:\n\n* breast cancer screening population\n\nExclusion Criteria:\n\n* previous cancer\n* breast prostheses","sex":"FEMALE","genderBased":true,"minimumAge":"50 Years","maximumAge":"69 Years","stdAges":["ADULT","OLDER_ADULT"],"studyPopulation":"female population candidated to breast cancer screening program","samplingMethod":"NON_PROBABILITY_SAMPLE"},"contactsLocationsModule":{"locations":[{"facility":"Graziella Di Grezia","city":"Avellino","state":"Av","zip":"83100","country":"Italy","geoPoint":{"lat":40.91494,"lon":14.79103}}]},"ipdSharingStatementModule":{"ipdSharing":"UNDECIDED"}},"derivedSection":{"miscInfoModule":{"versionHolder":"2024-09-24"},"conditionBrowseModule":{"meshes":[{"id":"D000001943","term":"Breast Neoplasms"}],"ancestors":[{"id":"D000009371","term":"Neoplasms by Site"},{"id":"D000009369","term":"Neoplasms"},{"id":"D000001941","term":"Breast Diseases"},{"id":"D000012871","term":"Skin Diseases"}],"browseLeaves":[{"id":"M5220","name":"Breast Neoplasms","asFound":"Breast Cancer","relevance":"HIGH"},{"id":"M5218","name":"Breast Diseases","relevance":"LOW"},{"id":"M15674","name":"Skin Diseases","relevance":"LOW"}],"browseBranches":[{"abbrev":"BC04","name":"Neoplasms"},{"abbrev":"BC17","name":"Skin and Connective Tissue Diseases"},{"abbrev":"All","name":"All Conditions"}]}},"hasResults":false}