{"protocolSection":{"identificationModule":{"nctId":"NCT05779982","orgStudyIdInfo":{"id":"3-2022-0362"},"organization":{"fullName":"Gangnam Severance Hospital","class":"OTHER"},"briefTitle":"SURPASS Retrospective Study","officialTitle":"Outcomes of Sentinel Node Biopsy According to MRI Response in an Association With the Subtypes in cN1-3 Breast Cancer After Neoadjuvant Systemic Therapy"},"statusModule":{"statusVerifiedDate":"2023-03","overallStatus":"COMPLETED","expandedAccessInfo":{"hasExpandedAccess":false},"startDateStruct":{"date":"2013-01","type":"ACTUAL"},"primaryCompletionDateStruct":{"date":"2018-12","type":"ACTUAL"},"completionDateStruct":{"date":"2023-02","type":"ACTUAL"},"studyFirstSubmitDate":"2023-03-09","studyFirstSubmitQcDate":"2023-03-20","studyFirstPostDateStruct":{"date":"2023-03-22","type":"ACTUAL"},"lastUpdateSubmitDate":"2023-03-20","lastUpdatePostDateStruct":{"date":"2023-03-22","type":"ACTUAL"}},"sponsorCollaboratorsModule":{"responsibleParty":{"type":"PRINCIPAL_INVESTIGATOR","investigatorFullName":"Sung Gwe Ahn","investigatorTitle":"Professor","investigatorAffiliation":"Gangnam Severance Hospital"},"leadSponsor":{"name":"Gangnam Severance Hospital","class":"OTHER"}},"oversightModule":{"oversightHasDmc":false,"isFdaRegulatedDrug":false,"isFdaRegulatedDevice":false},"descriptionModule":{"briefSummary":"This study aimed to determine whether sentinel lymph node biopsy (SLNB) could be a reliable option for evaluating nodal status in patients who had responded well to neoadjuvant systemic therapy (NAST), even if they had initially presented with a high nodal burden. The study investigated the outcomes of SLNB followed by axillary lymph node dissection (ALND) in this patient population, taking into account the response to NAST and the breast cancer subtype.","detailedDescription":"To determine the feasibility of sentinel lymph node biopsy (SLNB) in this study, the investigators evaluated the false-negative rate (FNR) of SLNB. The FNR was calculated as the number of patients with negative SLNs who had a residual disease in the rest of the axillary lymph nodes (ALNs) divided by the total number of patients with residual disease in either the SLNs, the rest of the ALNs, or both: FN/true-positive + FN. The investigators compared the FNR of the SLNB according to the radiologic response measured using breast MRI in each subtype. The investigators further evaluated the FNR in subgroups stratified by clinical nodal stage. Additionally, the investigators assessed additional metastatic ALNs in cases with 1-2 metastatic SLNs through the completion of ALN dissection."},"conditionsModule":{"conditions":["Breast Cancer","Breast MRI","Neoadjuvant Systemic Therapy","Sentinel Lymph Node"]},"designModule":{"studyType":"OBSERVATIONAL","patientRegistry":false,"designInfo":{"observationalModel":"COHORT","timePerspective":"RETROSPECTIVE"},"enrollmentInfo":{"count":500,"type":"ACTUAL"}},"armsInterventionsModule":{"armGroups":[{"label":"Multicenter retrospective cohort","description":"This study included patients diagnosed with breast cancer who received neoadjuvant systemic therapy (NAST) followed by curative surgery between January 2013 and December 2018. All patients were cN1-3 breast cancer at initial presentation confirmed by any imaging studies (either ultrasonography or MRI) or pathological examination using ultrasonography-guided needle biopsy of suspicious axillary lymph nodes. The clinical nodal stage was determined based on findings from physical examination, with imaging studies such as ultrasonography or MRI taken into account, according to the American Join Committee on Cancer guidelines (7th edition). In addition, all patients underwent sentinely lymph node biopsy (SLNB) followed by axillary lymph node dissection. SLNB was performed using a radioactive marker, blue dye, or both (dual tracers).","interventionNames":["Procedure: Sentinel lymph node biopsy followed by axillary lymph node dissection"]}],"interventions":[{"type":"PROCEDURE","name":"Sentinel lymph node biopsy followed by axillary lymph node dissection","description":"This is a retrospective study to determine the feasibility of sentinel lymph node biopsy (SLNB) after neoadjuvant systemic therapy (NAST) according to response to NAST and breast cancer subtypes. All patients received SLNB followed by axillary lymph node dissection after NAST.","armGroupLabels":["Multicenter retrospective cohort"]}]},"outcomesModule":{"primaryOutcomes":[{"measure":"False negative rate of sentinel lymph node biopsy according to radiologic response stratified by brest cancer subtype","description":"False negative rate of sentinel lymph node biopsy according to radiologic response stratified by brest cancer subtype","timeFrame":"up to 1 month after the breast surgery"}],"secondaryOutcomes":[{"measure":"False negative rate of sentinel lymph node biopsy according to clinical nodal stage","description":"False negative rate of sentinel lymph node biopsy according to clinical nodal stage","timeFrame":"up to 1 month after the breast surgery"},{"measure":"Additional axillary lymph node metastasis rate in patients with 1-2 metastatic sentinel lymph nodes","description":"Additional axillary lymph node metastasis rate in patients with 1-2 metastatic sentinel lymph nodes","timeFrame":"up to 1 month after the breast surgery"}]},"eligibilityModule":{"eligibilityCriteria":"Inclusion Criteria:\n\n* cN1-3 breast cancer at initial presentation\n* received neoadjuvant systemic therapy (NAST)\n* received sentinel lymph node biopsy (SLNB) followed by additional axillary lymph node dissection (ALND)\n* breast MRI performed at baseline and post-NAST.\n\nExclusion Criteria:\n\n* case with unavailable data for breast MRI and operation","healthyVolunteers":false,"sex":"FEMALE","minimumAge":"19 Years","maximumAge":"90 Years","stdAges":["ADULT","OLDER_ADULT"],"studyPopulation":"This study included patients diagnosed with breast cancer who received neoadjuvant systemic therapy (NAST) followed by curative surgery between January 2013 and December 2018. All patients were cN1-3 breast cancer at initial presentation In addition, all patients underwent sentinely lymph node biopsy (SLNB) followed by axillary lymph node dissection.","samplingMethod":"NON_PROBABILITY_SAMPLE"},"ipdSharingStatementModule":{"ipdSharing":"UNDECIDED"}},"derivedSection":{"miscInfoModule":{"versionHolder":"2024-09-24"},"conditionBrowseModule":{"meshes":[{"id":"D000001943","term":"Breast Neoplasms"}],"ancestors":[{"id":"D000009371","term":"Neoplasms by Site"},{"id":"D000009369","term":"Neoplasms"},{"id":"D000001941","term":"Breast Diseases"},{"id":"D000012871","term":"Skin Diseases"}],"browseLeaves":[{"id":"M5220","name":"Breast Neoplasms","asFound":"Breast Cancer","relevance":"HIGH"},{"id":"M5218","name":"Breast Diseases","relevance":"LOW"},{"id":"M15674","name":"Skin Diseases","relevance":"LOW"}],"browseBranches":[{"abbrev":"BC04","name":"Neoplasms"},{"abbrev":"BC17","name":"Skin and Connective Tissue Diseases"},{"abbrev":"All","name":"All Conditions"}]},"interventionBrowseModule":{"browseLeaves":[{"id":"M5382","name":"Calcium Carbonate","relevance":"LOW"}],"browseBranches":[{"abbrev":"Gast","name":"Gastrointestinal Agents"},{"abbrev":"All","name":"All Drugs and Chemicals"}]}},"hasResults":false}