{"protocolSection":{"identificationModule":{"nctId":"NCT01291420","orgStudyIdInfo":{"id":"CCRG 11-001"},"organization":{"fullName":"University Hospital, Antwerp","class":"OTHER"},"briefTitle":"Dendritic Cell Vaccination for Patients With Solid Tumors","officialTitle":"Therapeutic Efficacy of Wilms' Tumor Gene (WT1) mRNA-electroporated Autologous Dendritic Cell Vaccination in Patients With Solid Tumors: a Phase I/Feasibility Study"},"statusModule":{"statusVerifiedDate":"2023-05","overallStatus":"COMPLETED","expandedAccessInfo":{"hasExpandedAccess":false},"startDateStruct":{"date":"2010-05-03","type":"ACTUAL"},"primaryCompletionDateStruct":{"date":"2016-04-25","type":"ACTUAL"},"completionDateStruct":{"date":"2018-05-05","type":"ACTUAL"},"studyFirstSubmitDate":"2011-02-07","studyFirstSubmitQcDate":"2011-02-07","studyFirstPostDateStruct":{"date":"2011-02-08","type":"ESTIMATED"},"lastUpdateSubmitDate":"2023-05-11","lastUpdatePostDateStruct":{"date":"2023-05-12","type":"ACTUAL"}},"sponsorCollaboratorsModule":{"responsibleParty":{"type":"PRINCIPAL_INVESTIGATOR","investigatorFullName":"Zwi Berneman","investigatorTitle":"MD","investigatorAffiliation":"University Hospital, Antwerp"},"leadSponsor":{"name":"University Hospital, Antwerp","class":"OTHER"}},"oversightModule":{"oversightHasDmc":false},"descriptionModule":{"briefSummary":"The aim of this study is to evaluate the immunogenicity and clinical efficacy of intradermal vaccination with autologous RNA-modified dendritic cells (DCs) - engineered to express the WT1 protein - in patients with limited spread metastatic solid tumors, i.e. breast cancers, glioblastoma grade IV, sarcomas, malignant mesothelioma and colorectal tumors. Based on the results of our previously performed phase I study with autologous WT1 mRNA-transfected DC, the investigators hypothesize that the vaccination with DC will be well-tolerated and will result in an increase in WT1-specific CD8+ T cell responses."},"conditionsModule":{"conditions":["Glioblastoma","Renal Cell Carcinoma","Sarcomas","Breast Cancers","Malignant Mesothelioma","Colorectal Tumors"]},"designModule":{"studyType":"INTERVENTIONAL","phases":["PHASE1","PHASE2"],"designInfo":{"allocation":"NA","interventionModel":"SINGLE_GROUP","primaryPurpose":"TREATMENT","maskingInfo":{"masking":"NONE"}},"enrollmentInfo":{"count":48,"type":"ACTUAL"}},"armsInterventionsModule":{"interventions":[{"type":"BIOLOGICAL","name":"autologous dendritic cell vaccination","description":"4 biweekly intradermal DC injections of 10\\*10E6 DCs (500 µL) at 5 sites (100 µL/site) in the ventromedial regions of the upper arm approximately 5-10 cm of the regional lymph nodes"}]},"outcomesModule":{"primaryOutcomes":[{"measure":"Immunogenicity of intradermal DC vaccination","description":"Immunogenicity of intradermal DC vaccination (cellular + humoral immunity against WT1 antigen) as measured by:\n\n1. In vivo cytokine response (serum concentration of cytokines)\n2. In vivo anti-WT1 antibody responses\n3. In vitro T cell reactivity towards MHC class I and II-restricted WT1 epitopes by multiplex-cytokine assay using peripheral blood and DTH-infiltrating T cells\n4. Delayed type hypersensitivity (DTH) responses\n5. Quantitative and qualitative FACS analysis of WT1-specific-positive CD8+ T cells using HLA-A2 WT1 multimers","timeFrame":"up to 2 months"}]},"eligibilityModule":{"eligibilityCriteria":"Inclusion Criteria:\n\n1. Tumor type:\n\n   Metastatic or Locally Advanced Breast Cancer; Malignant Mesothelioma; Glioblastoma Multiforme (Grade IV); Sarcoma's; Colorectal tumors or rare tumors (less than 500 patients a year)\n2. Extent of disease:\n\n   * Metastatic Breast Cancer or High Risk Locally Advanced Breast Cancer\n\n     * Partial or Complete response after first line chemotherapy for both metastatic or locally advanced breast cancer. Minimal metastatic disease under hormonal treatment\n     * High risk Locally Advanced breast cancer defined as (and/or):\n\n       * Age \\< 60 years old\n       * ER, PR and Her-2 Neu negative tumors\n       * \\> 4 lymphnodes at initial presentation\n       * Mastitis Carcinomatosis\n       * Pregnancy associated Breast Cancer\n   * Malignant Mesothelioma:\n\n     * Partial or Complete response after first line chemotherapy not amendable for surgery\n     * Adjuvant after debulking surgery\n   * Glioblastoma Multiforme\n\n     * In Recurrent Disease after optimal treatment according to Stupp regimen\n     * In primary disease after debulking surgery, Temodal/radiotherapy and Temodal chemotherapy for 6 months\n   * Sarcoma's\n\n     * After adjuvant chemotherapy for uterine sarcoma's\n     * After Optimal or Debulking Surgery for liposarcoma's, synovial cell sarcoma's\n     * Recurrent sarcoma's with limited disease\n   * Colorectal tumors\n\n     * K-ras wild-type tumors with inoperable lymphnode metastasis after standard chemotherapy (FOLFOX, FOLFIRI)\n3. Patient Characteristics\n\n   * Prior treatments: Patients must have received at least one prior chemotherapeutic regimen and must be more than 1 month past the last treatment.\n   * Age: ≥ 18 years old\n   * Performance status: WHO PS grade 0-1 (Appendix B)\n   * Objectively assessable parameters of life expectancy: more than 3 months\n   * Prior and concomitant associated diseases allowed with the exception of underlying autoimmune disease and positive serology for HIV/HBV/HCV\n   * No concomitant use of immunosuppressive drugs, hormonal treatment for breast cancer is allowed in case of stable disease\n   * Adequate renal and liver function, i.e. creatinin and bilirubin = 1.2 times the upper limit of normal\n   * Absence of any psychological, familial, sociological or geographical condition potentially hampering compliance with the study protocol and follow-up schedule; those conditions should be discussed with the patient before registration in the trial\n   * Women of child-bearing potential should use adequate contraception prior to study entry and for the duration of study participation\n\nExclusion Criteria:\n\n1. Subjects with concurrent additional malignancy (with exception of non-melanoma skin cancers and carcinoma in situ of the cervix)\n2. Subjects who are pregnant\n3. Subjects who have sensitivity to drugs that provide local anesthesia\n4. Subjects needing corticosteroids 1 mg/kg during vaccination; corticosteroids are allowed as part of their treatment when taken ≥ 30 days before the start of vaccination.","healthyVolunteers":false,"sex":"ALL","minimumAge":"18 Years","stdAges":["ADULT","OLDER_ADULT"]},"contactsLocationsModule":{"locations":[{"facility":"Antwerp University Hospital, Center for Cellular Therapy and Regenerative Medicine","city":"Edegem","state":"Antwerp","zip":"B-2650","country":"Belgium","geoPoint":{"lat":51.15662,"lon":4.44504}}]},"referencesModule":{"references":[{"pmid":"20631300","type":"BACKGROUND","citation":"Van Tendeloo VF, Van de Velde A, Van Driessche A, Cools N, Anguille S, Ladell K, Gostick E, Vermeulen K, Pieters K, Nijs G, Stein B, Smits EL, Schroyens WA, Gadisseur AP, Vrelust I, Jorens PG, Goossens H, de Vries IJ, Price DA, Oji Y, Oka Y, Sugiyama H, Berneman ZN. Induction of complete and molecular remissions in acute myeloid leukemia by Wilms' tumor 1 antigen-targeted dendritic cell vaccination. Proc Natl Acad Sci U S A. 2010 Aug 3;107(31):13824-9. doi: 10.1073/pnas.1008051107. Epub 2010 Jul 14."},{"pmid":"19656053","type":"BACKGROUND","citation":"Smits EL, Anguille S, Cools N, Berneman ZN, Van Tendeloo VF. Dendritic cell-based cancer gene therapy. Hum Gene Ther. 2009 Oct;20(10):1106-18. doi: 10.1089/hum.2009.145."},{"pmid":"19530029","type":"BACKGROUND","citation":"Van Driessche A, Van de Velde AL, Nijs G, Braeckman T, Stein B, De Vries JM, Berneman ZN, Van Tendeloo VF. Clinical-grade manufacturing of autologous mature mRNA-electroporated dendritic cells and safety testing in acute myeloid leukemia patients in a phase I dose-escalation clinical trial. Cytotherapy. 2009;11(5):653-68. doi: 10.1080/14653240902960411."}]}},"derivedSection":{"miscInfoModule":{"versionHolder":"2024-09-24"},"conditionBrowseModule":{"meshes":[{"id":"D000005909","term":"Glioblastoma"},{"id":"D000002292","term":"Carcinoma, Renal Cell"},{"id":"D000008654","term":"Mesothelioma"},{"id":"D000086002","term":"Mesothelioma, Malignant"},{"id":"D000015179","term":"Colorectal Neoplasms"}],"ancestors":[{"id":"D000009370","term":"Neoplasms by Histologic Type"},{"id":"D000009369","term":"Neoplasms"},{"id":"D000001254","term":"Astrocytoma"},{"id":"D000005910","term":"Glioma"},{"id":"D000018302","term":"Neoplasms, Neuroepithelial"},{"id":"D000017599","term":"Neuroectodermal Tumors"},{"id":"D000009373","term":"Neoplasms, Germ Cell and Embryonal"},{"id":"D000009375","term":"Neoplasms, Glandular and Epithelial"},{"id":"D000009380","term":"Neoplasms, Nerve Tissue"},{"id":"D000000230","term":"Adenocarcinoma"},{"id":"D000002277","term":"Carcinoma"},{"id":"D000007680","term":"Kidney Neoplasms"},{"id":"D000014571","term":"Urologic Neoplasms"},{"id":"D000014565","term":"Urogenital Neoplasms"},{"id":"D000009371","term":"Neoplasms by Site"},{"id":"D000052776","term":"Female Urogenital Diseases"},{"id":"D000005261","term":"Female Urogenital Diseases and Pregnancy Complications"},{"id":"D000091642","term":"Urogenital Diseases"},{"id":"D000007674","term":"Kidney Diseases"},{"id":"D000014570","term":"Urologic Diseases"},{"id":"D000052801","term":"Male Urogenital Diseases"},{"id":"D000000236","term":"Adenoma"},{"id":"D000018301","term":"Neoplasms, Mesothelial"},{"id":"D000008175","term":"Lung Neoplasms"},{"id":"D000012142","term":"Respiratory Tract Neoplasms"},{"id":"D000013899","term":"Thoracic Neoplasms"},{"id":"D000010997","term":"Pleural Neoplasms"},{"id":"D000008171","term":"Lung Diseases"},{"id":"D000012140","term":"Respiratory Tract Diseases"},{"id":"D000007414","term":"Intestinal Neoplasms"},{"id":"D000005770","term":"Gastrointestinal Neoplasms"},{"id":"D000004067","term":"Digestive System Neoplasms"},{"id":"D000004066","term":"Digestive System Diseases"},{"id":"D000005767","term":"Gastrointestinal Diseases"},{"id":"D000003108","term":"Colonic Diseases"},{"id":"D000007410","term":"Intestinal Diseases"},{"id":"D000012002","term":"Rectal Diseases"}],"browseLeaves":[{"id":"M5220","name":"Breast Neoplasms","relevance":"LOW"},{"id":"M5534","name":"Carcinoma","relevance":"LOW"},{"id":"M15327","name":"Sarcoma","relevance":"LOW"},{"id":"M5548","name":"Carcinoma, Renal Cell","asFound":"Renal Cell Carcinoma","relevance":"HIGH"},{"id":"M17890","name":"Colorectal Neoplasms","asFound":"Colorectal Tumors","relevance":"HIGH"},{"id":"M9019","name":"Glioblastoma","asFound":"Glioblastoma","relevance":"HIGH"},{"id":"M11634","name":"Mesothelioma","asFound":"Mesothelioma","relevance":"HIGH"},{"id":"M2537","name":"Mesothelioma, Malignant","asFound":"Malignant Mesothelioma","relevance":"HIGH"},{"id":"M12341","name":"Wilms Tumor","relevance":"LOW"},{"id":"M12315","name":"Neoplasms by Histologic Type","relevance":"LOW"},{"id":"M4561","name":"Astrocytoma","relevance":"LOW"},{"id":"M9020","name":"Glioma","relevance":"LOW"},{"id":"M20446","name":"Neoplasms, Neuroepithelial","relevance":"LOW"},{"id":"M19845","name":"Neuroectodermal Tumors","relevance":"LOW"},{"id":"M20388","name":"Neuroectodermal Tumors, Primitive","relevance":"LOW"},{"id":"M12318","name":"Neoplasms, Germ Cell and Embryonal","relevance":"LOW"},{"id":"M12320","name":"Neoplasms, Glandular and Epithelial","relevance":"LOW"},{"id":"M12325","name":"Neoplasms, Nerve Tissue","relevance":"LOW"},{"id":"M3585","name":"Adenocarcinoma","relevance":"LOW"},{"id":"M10703","name":"Kidney Neoplasms","relevance":"LOW"},{"id":"M17320","name":"Urologic Neoplasms","relevance":"LOW"},{"id":"M17315","name":"Urogenital Neoplasms","relevance":"LOW"},{"id":"M2875","name":"Urogenital Diseases","relevance":"LOW"},{"id":"M27093","name":"Female Urogenital Diseases","relevance":"LOW"},{"id":"M14127","name":"Pregnancy Complications","relevance":"LOW"},{"id":"M8399","name":"Female Urogenital Diseases and Pregnancy Complications","relevance":"LOW"},{"id":"M10698","name":"Kidney Diseases","relevance":"LOW"},{"id":"M17319","name":"Urologic Diseases","relevance":"LOW"},{"id":"M27095","name":"Male Urogenital Diseases","relevance":"LOW"},{"id":"M3591","name":"Adenoma","relevance":"LOW"},{"id":"M20445","name":"Neoplasms, Mesothelial","relevance":"LOW"},{"id":"M11172","name":"Lung Neoplasms","relevance":"LOW"},{"id":"M14979","name":"Respiratory Tract Neoplasms","relevance":"LOW"},{"id":"M16658","name":"Thoracic Neoplasms","relevance":"LOW"},{"id":"M13887","name":"Pleural Neoplasms","relevance":"LOW"},{"id":"M11168","name":"Lung Diseases","relevance":"LOW"},{"id":"M14977","name":"Respiratory Tract Diseases","relevance":"LOW"},{"id":"M10448","name":"Intestinal Neoplasms","relevance":"LOW"},{"id":"M8886","name":"Gastrointestinal Neoplasms","relevance":"LOW"},{"id":"M7256","name":"Digestive System Neoplasms","relevance":"LOW"},{"id":"M8883","name":"Gastrointestinal Diseases","relevance":"LOW"},{"id":"M7255","name":"Digestive System Diseases","relevance":"LOW"},{"id":"M6336","name":"Colonic Diseases","relevance":"LOW"},{"id":"M10444","name":"Intestinal Diseases","relevance":"LOW"},{"id":"M14844","name":"Rectal Diseases","relevance":"LOW"},{"id":"T5284","name":"Soft Tissue Sarcoma","relevance":"LOW"},{"id":"T4906","name":"Renal Cell Carcinoma","asFound":"Renal Cell Carcinoma","relevance":"HIGH"},{"id":"T1341","name":"Clear Cell Renal Cell Carcinoma","relevance":"LOW"},{"id":"T2518","name":"Glioblastoma","asFound":"Glioblastoma","relevance":"HIGH"},{"id":"T3584","name":"Malignant Mesothelioma","asFound":"Malignant Mesothelioma","relevance":"HIGH"},{"id":"T5932","name":"Wilms' Tumor","relevance":"LOW"},{"id":"T2519","name":"Glioma","relevance":"LOW"},{"id":"T4092","name":"Neuroepithelioma","relevance":"LOW"}],"browseBranches":[{"abbrev":"BC04","name":"Neoplasms"},{"abbrev":"BC17","name":"Skin and Connective Tissue Diseases"},{"abbrev":"All","name":"All Conditions"},{"abbrev":"BXS","name":"Urinary Tract, Sexual Organs, and Pregnancy Conditions"},{"abbrev":"BC06","name":"Digestive System Diseases"},{"abbrev":"BC08","name":"Respiratory Tract (Lung and Bronchial) Diseases"},{"abbrev":"BC16","name":"Diseases and Abnormalities at or Before Birth"},{"abbrev":"Rare","name":"Rare Diseases"}]}},"hasResults":false}