{"protocolSection":{"identificationModule":{"nctId":"NCT00637026","orgStudyIdInfo":{"id":"1839IL/0219"},"organization":{"fullName":"AstraZeneca","class":"INDUSTRY"},"briefTitle":"Ph II Early BC Pre-Surgical Biologic Study","officialTitle":"A PreSurgical Study to Evaluate Molecular Alterations That Occur in Human Breast Cancer Tissue and Normal Skin After Short Term Exposure to ZD1839 (IRESSA) and to Correlate These Alterations With Pharmacokinetic Parameters."},"statusModule":{"statusVerifiedDate":"2009-04","overallStatus":"COMPLETED","expandedAccessInfo":{"hasExpandedAccess":false},"startDateStruct":{"date":"2003-07"},"completionDateStruct":{"date":"2005-02","type":"ACTUAL"},"studyFirstSubmitDate":"2008-03-10","studyFirstSubmitQcDate":"2008-03-14","studyFirstPostDateStruct":{"date":"2008-03-17","type":"ESTIMATED"},"lastUpdateSubmitDate":"2009-04-22","lastUpdatePostDateStruct":{"date":"2009-04-23","type":"ESTIMATED"}},"sponsorCollaboratorsModule":{"responsibleParty":{"oldNameTitle":"Alison Armour Medical Science Director","oldOrganization":"AstraZeneca"},"leadSponsor":{"name":"AstraZeneca","class":"INDUSTRY"},"collaborators":[{"name":"Cancer International Research Group (CIRG)","class":"OTHER"}]},"oversightModule":{"oversightHasDmc":false},"descriptionModule":{"briefSummary":"A pre-surgery study to assess changes that occur in human breast cancer material and normal skin after a short course of treatment with Iressa."},"conditionsModule":{"conditions":["Breast Cancer"],"keywords":["Iressa, Gefitinib, Breast Cancer, Surgery"]},"designModule":{"studyType":"INTERVENTIONAL","phases":["PHASE2"],"designInfo":{"allocation":"NA","interventionModel":"SINGLE_GROUP","primaryPurpose":"TREATMENT","maskingInfo":{"masking":"NONE"}},"enrollmentInfo":{"count":65,"type":"ESTIMATED"}},"armsInterventionsModule":{"interventions":[{"type":"DRUG","name":"Gefitinib","description":"Iressa"}]},"outcomesModule":{"primaryOutcomes":[{"measure":"Molecular alterations occuring in breast cancer tissue following Iressa treatment","timeFrame":"At time of diagnosis and time of patient surgery"}],"secondaryOutcomes":[{"measure":"Molecular alterations occurring in normal skin tissue following Iressa treatment","timeFrame":"At time of diagnosis and time of patient surgery"},{"measure":"To correlate molecular changes with pharmacokinetic parameters","timeFrame":"At time of diagnosis and time of patient surgery"},{"measure":"To evaluate tolerability of short term Iressa treatment"}]},"eligibilityModule":{"eligibilityCriteria":"Inclusion Criteria:\n\n* Invasive breast cancer, Aged 18 years or older, Not more than 28 days from initial diagnosis\n\nExclusion Criteria:\n\n* Pregnant or lactating patients, Prior or current radiotherapy for breast cancer, Known allergy reaction to Iressa","healthyVolunteers":false,"sex":"FEMALE","minimumAge":"18 Years","stdAges":["ADULT","OLDER_ADULT"]}},"derivedSection":{"miscInfoModule":{"versionHolder":"2024-09-24"},"conditionBrowseModule":{"meshes":[{"id":"D000001943","term":"Breast Neoplasms"}],"ancestors":[{"id":"D000009371","term":"Neoplasms by Site"},{"id":"D000009369","term":"Neoplasms"},{"id":"D000001941","term":"Breast Diseases"},{"id":"D000012871","term":"Skin Diseases"}],"browseLeaves":[{"id":"M5220","name":"Breast Neoplasms","asFound":"Breast Cancer","relevance":"HIGH"},{"id":"M5218","name":"Breast Diseases","relevance":"LOW"},{"id":"M15674","name":"Skin Diseases","relevance":"LOW"}],"browseBranches":[{"abbrev":"BC04","name":"Neoplasms"},{"abbrev":"BC17","name":"Skin and Connective Tissue Diseases"},{"abbrev":"All","name":"All Conditions"}]},"interventionBrowseModule":{"meshes":[{"id":"D000077156","term":"Gefitinib"}],"ancestors":[{"id":"D000092004","term":"Tyrosine Kinase Inhibitors"},{"id":"D000047428","term":"Protein Kinase Inhibitors"},{"id":"D000004791","term":"Enzyme Inhibitors"},{"id":"D000045504","term":"Molecular Mechanisms of Pharmacological Action"},{"id":"D000000970","term":"Antineoplastic Agents"}],"browseLeaves":[{"id":"M1679","name":"Gefitinib","asFound":"Targeting","relevance":"HIGH"},{"id":"M2889","name":"Tyrosine Kinase Inhibitors","relevance":"LOW"},{"id":"M25820","name":"Protein Kinase Inhibitors","relevance":"LOW"},{"id":"M7951","name":"Enzyme Inhibitors","relevance":"LOW"},{"id":"T22","name":"Tyrosine","relevance":"LOW"}],"browseBranches":[{"abbrev":"ANeo","name":"Antineoplastic Agents"},{"abbrev":"All","name":"All Drugs and Chemicals"},{"abbrev":"AA","name":"Amino Acids"}]}},"hasResults":false}