{"protocolSection":{"identificationModule":{"nctId":"NCT02337582","orgStudyIdInfo":{"id":"SAC110001"},"secondaryIdInfos":[{"id":"6465","type":"OTHER","domain":"FHCRC"}],"organization":{"fullName":"Fred Hutchinson Cancer Center","class":"OTHER"},"briefTitle":"Colombian Screening Mammography Project","officialTitle":"Pilot Study for Implementing Breast Cancer Early Detection Programs in Colombia"},"statusModule":{"statusVerifiedDate":"2015-01","overallStatus":"COMPLETED","expandedAccessInfo":{"hasExpandedAccess":false},"startDateStruct":{"date":"2007-01"},"primaryCompletionDateStruct":{"date":"2012-12","type":"ACTUAL"},"completionDateStruct":{"date":"2014-08","type":"ACTUAL"},"studyFirstSubmitDate":"2015-01-09","studyFirstSubmitQcDate":"2015-01-09","studyFirstPostDateStruct":{"date":"2015-01-13","type":"ESTIMATED"},"lastUpdateSubmitDate":"2015-01-09","lastUpdatePostDateStruct":{"date":"2015-01-13","type":"ESTIMATED"}},"sponsorCollaboratorsModule":{"responsibleParty":{"type":"SPONSOR"},"leadSponsor":{"name":"Fred Hutchinson Cancer Center","class":"OTHER"}},"oversightModule":{"oversightHasDmc":false},"descriptionModule":{"briefSummary":"A cluster randomized controlled trial was performed in Bogotá, Colombia between 2007-2008 to evaluate the effects of an opportunistic (hospital-based) screening program (intervention) vs. usual care (control) in which 26 clinics were randomized to an intervention (N=13) or control arm (N=13). At intervention clinics general practitioners were instructed to perform clinical breast examination (CBE) on all women aged 50-69 years attending clinics for non-breast health related issues, and to refer them for mammographic screening. Physicians from control clinics were not specifically instructed to perform breast-screening or refer women for mammography, but could do so if they thought it appropriate ('usual care'). Women were followed for 2 years post-randomization."},"conditionsModule":{"conditions":["Breast Cancer"]},"designModule":{"studyType":"INTERVENTIONAL","phases":["NA"],"designInfo":{"allocation":"RANDOMIZED","interventionModel":"PARALLEL","primaryPurpose":"SCREENING","maskingInfo":{"masking":"DOUBLE","whoMasked":["INVESTIGATOR","OUTCOMES_ASSESSOR"]}},"enrollmentInfo":{"count":15855,"type":"ACTUAL"}},"armsInterventionsModule":{"armGroups":[{"label":"Intervention","type":"ACTIVE_COMPARATOR","interventionNames":["Other: Opportunistic Breast cancer screening"]},{"label":"Control","type":"OTHER","interventionNames":["Other: Usual Care"]}],"interventions":[{"type":"OTHER","name":"Opportunistic Breast cancer screening","description":"Opportunistic breast screening offered to women attending clinics for non-breast health issues","armGroupLabels":["Intervention"]},{"type":"OTHER","name":"Usual Care","description":"No breast screening was explicitly offered to women attending clinics for non-breast health issues, unless the health care provider felt that it was appropriate","armGroupLabels":["Control"]}]},"outcomesModule":{"primaryOutcomes":[{"measure":"Breast cancer Incidence","description":"Comparing incidence of breast cancer in women randomized to the opportunistic breast screening arm, compared to women in the control arm.","timeFrame":"Two years"}]},"eligibilityModule":{"eligibilityCriteria":"Inclusion Criteria:\n\nFemale Aged 50-69 Resident in Bogotá, Colombia or surrounding cities; Had not had a mammogram in the previous two years; No history of breast cancer Attending health-centers for reasons unrelated to breast health\n\nExclusion Criteria:\n\n* see above","healthyVolunteers":true,"sex":"FEMALE","minimumAge":"50 Years","maximumAge":"69 Years","stdAges":["ADULT","OLDER_ADULT"]},"contactsLocationsModule":{"locations":[{"facility":"Fred Hutchinson Cancer Research Center","city":"Seattle","state":"Washington","zip":"98109","country":"United States","geoPoint":{"lat":47.60621,"lon":-122.33207}}]},"referencesModule":{"references":[{"pmid":"26264446","type":"DERIVED","citation":"Murillo R, Diaz S, Perry F, Poveda C, Pineros M, Sanchez O, Buitrago L, Gamboa O, Lozano T, Yu H, Wang CY, Duggan C, Thomas DB, Anderson BO. Increased breast cancer screening and downstaging in Colombian women: A randomized trial of opportunistic breast-screening. Int J Cancer. 2016 Feb 1;138(3):705-13. doi: 10.1002/ijc.29801. Epub 2015 Sep 2."}]}},"derivedSection":{"miscInfoModule":{"versionHolder":"2024-09-24"},"conditionBrowseModule":{"meshes":[{"id":"D000001943","term":"Breast Neoplasms"}],"ancestors":[{"id":"D000009371","term":"Neoplasms by Site"},{"id":"D000009369","term":"Neoplasms"},{"id":"D000001941","term":"Breast Diseases"},{"id":"D000012871","term":"Skin Diseases"}],"browseLeaves":[{"id":"M5220","name":"Breast Neoplasms","asFound":"Breast Cancer","relevance":"HIGH"},{"id":"M5218","name":"Breast Diseases","relevance":"LOW"},{"id":"M15674","name":"Skin Diseases","relevance":"LOW"}],"browseBranches":[{"abbrev":"BC04","name":"Neoplasms"},{"abbrev":"BC17","name":"Skin and Connective Tissue Diseases"},{"abbrev":"All","name":"All Conditions"}]}},"hasResults":false}