{"protocolSection":{"identificationModule":{"nctId":"NCT06549920","orgStudyIdInfo":{"id":"DBCG IMN protocol"},"organization":{"fullName":"Danish Breast Cancer Cooperative Group","class":"OTHER"},"briefTitle":"Danish Breast Cancer Group Internal Mammary Node Study","officialTitle":"Danish Breast Cancer Group Internal Mammary Node Study","acronym":"DBCG IMN"},"statusModule":{"statusVerifiedDate":"2024-08","overallStatus":"ACTIVE_NOT_RECRUITING","expandedAccessInfo":{"hasExpandedAccess":false},"startDateStruct":{"date":"2003-01-01","type":"ACTUAL"},"primaryCompletionDateStruct":{"date":"2023-11-17","type":"ACTUAL"},"completionDateStruct":{"date":"2034-01-01","type":"ESTIMATED"},"studyFirstSubmitDate":"2024-08-08","studyFirstSubmitQcDate":"2024-08-08","studyFirstPostDateStruct":{"date":"2024-08-12","type":"ACTUAL"},"lastUpdateSubmitDate":"2024-08-08","lastUpdatePostDateStruct":{"date":"2024-08-12","type":"ACTUAL"}},"sponsorCollaboratorsModule":{"responsibleParty":{"type":"PRINCIPAL_INVESTIGATOR","investigatorFullName":"Birgitte Offersen","investigatorTitle":"Professor","investigatorAffiliation":"Danish Breast Cancer Cooperative Group"},"leadSponsor":{"name":"Danish Breast Cancer Cooperative Group","class":"OTHER"}},"oversightModule":{"oversightHasDmc":false,"isFdaRegulatedDrug":false,"isFdaRegulatedDevice":false},"descriptionModule":{"briefSummary":"The DBCG IMN study is a nationwide prospective population-based cohort study allocating node-positive breast cancer patients with right-sided tumors to internal mammary node irradiation (IMNI) and patients with left-sided tumors to no IMNI."},"conditionsModule":{"conditions":["Breast Cancer"],"keywords":["Internal mammary node irradiation","Node-positive breast cancer"]},"designModule":{"studyType":"INTERVENTIONAL","phases":["NA"],"designInfo":{"allocation":"NON_RANDOMIZED","interventionModel":"PARALLEL","primaryPurpose":"TREATMENT","maskingInfo":{"masking":"NONE"}},"enrollmentInfo":{"count":7630,"type":"ACTUAL"}},"armsInterventionsModule":{"armGroups":[{"label":"Internal mammary node irradiation","type":"EXPERIMENTAL","description":"Patients with right-sided breast cancer tumors were allocated to internal mammary node irradiation.","interventionNames":["Radiation: Internal mammary node irradiation"]},{"label":"No internal mammary node irradiation","type":"NO_INTERVENTION","description":"Patients with left-sided breast cancer tumors were allocated to no internal mammary node irradiation."}],"interventions":[{"type":"RADIATION","name":"Internal mammary node irradiation","description":"Irradiation of the internal mammary nodes in intercostal space 1-4.","armGroupLabels":["Internal mammary node irradiation"],"otherNames":["IMNI"]}]},"outcomesModule":{"primaryOutcomes":[{"measure":"Overall survival","description":"Censored at end of study or by emigration.","timeFrame":"15-years."}],"secondaryOutcomes":[{"measure":"Breast cancer mortality","description":"Censored at end of study or by emigration.","timeFrame":"15-years."},{"measure":"Distant recurrences","description":"Censored at end of study or by emigration. Death by any cause was regarded as competing event.","timeFrame":"15-years."}]},"eligibilityModule":{"eligibilityCriteria":"Inclusion Criteria:\n\n* Patients with macrometastatic node-positive breast cancer treated with loco-regional radiotherapy.\n\nExclusion Criteria:\n\n* Prior malignancies, bilateral breast cancer, neoadjuvant systemic therapy, recurrence before radiotherapy, and non-standard radiotherapy.","healthyVolunteers":false,"sex":"ALL","stdAges":["CHILD","ADULT","OLDER_ADULT"]},"ipdSharingStatementModule":{"ipdSharing":"YES","description":"Data may be requested at the DBCG RT committee and the DBCG board.","timeFrame":"Undecided.","accessCriteria":"DBCG board."}},"derivedSection":{"miscInfoModule":{"versionHolder":"2024-09-24"},"conditionBrowseModule":{"meshes":[{"id":"D000001943","term":"Breast Neoplasms"}],"ancestors":[{"id":"D000009371","term":"Neoplasms by Site"},{"id":"D000009369","term":"Neoplasms"},{"id":"D000001941","term":"Breast Diseases"},{"id":"D000012871","term":"Skin Diseases"}],"browseLeaves":[{"id":"M5220","name":"Breast Neoplasms","asFound":"Breast Cancer","relevance":"HIGH"},{"id":"M5218","name":"Breast Diseases","relevance":"LOW"},{"id":"M15674","name":"Skin Diseases","relevance":"LOW"}],"browseBranches":[{"abbrev":"BC04","name":"Neoplasms"},{"abbrev":"BC17","name":"Skin and Connective Tissue Diseases"},{"abbrev":"All","name":"All Conditions"}]}},"hasResults":false}