{"protocolSection":{"identificationModule":{"nctId":"NCT00388726","orgStudyIdInfo":{"id":"E7389-G000-305"},"secondaryIdInfos":[{"id":"2006-001949-34","type":"EUDRACT_NUMBER"}],"organization":{"fullName":"Eisai Inc.","class":"INDUSTRY"},"briefTitle":"E7389 Versus Treatment of Physician's Choice in Patients With Locally Recurrent or Metastatic Breast Cancer","officialTitle":"The \"EMBRACE\" Trial: Eisai Metastatic Breast Cancer Study Assessing Physician's Choice Versus E7389. A Phase III Open-Label, Randomized, Parallel, Two-arm, Multi-center Study of E7389 Versus \"Treatment of Physician's Choice\" in Patients With Locally Recurrent, Metastatic Breast Cancer, Previously Treated With At Least Two and a Maximum of Five Prior Chemotherapy Regimens, Including an Anthracycline and a Taxane"},"statusModule":{"statusVerifiedDate":"2014-07","overallStatus":"COMPLETED","expandedAccessInfo":{"hasExpandedAccess":false},"startDateStruct":{"date":"2006-11","type":"ACTUAL"},"primaryCompletionDateStruct":{"date":"2009-05","type":"ACTUAL"},"completionDateStruct":{"date":"2013-06","type":"ACTUAL"},"studyFirstSubmitDate":"2006-10-13","studyFirstSubmitQcDate":"2006-10-16","studyFirstPostDateStruct":{"date":"2006-10-17","type":"ESTIMATED"},"resultsFirstSubmitDate":"2011-12-22","resultsFirstSubmitQcDate":"2011-12-22","resultsFirstPostDateStruct":{"date":"2012-01-30","type":"ESTIMATED"},"lastUpdateSubmitDate":"2019-12-17","lastUpdatePostDateStruct":{"date":"2020-01-07","type":"ACTUAL"}},"sponsorCollaboratorsModule":{"responsibleParty":{"type":"SPONSOR"},"leadSponsor":{"name":"Eisai Inc.","class":"INDUSTRY"},"collaborators":[{"name":"Eisai Limited","class":"INDUSTRY"}]},"descriptionModule":{"briefSummary":"The purpose of this study is to compare Overall Survival (OS), Progression Free Survival (PFS), objective tumor response rate, duration of response, and safety in patients treated with E7389 versus the Treatment of Physician's Choice (TPC) in patients with locally recurrent or metastatic breast cancer."},"conditionsModule":{"conditions":["Breast Cancer"],"keywords":["Locally recurrent breast cancer","metastatic breast cancer"]},"designModule":{"studyType":"INTERVENTIONAL","phases":["PHASE3"],"designInfo":{"allocation":"RANDOMIZED","interventionModel":"PARALLEL","primaryPurpose":"TREATMENT","maskingInfo":{"masking":"NONE"}},"enrollmentInfo":{"count":762,"type":"ACTUAL"}},"armsInterventionsModule":{"armGroups":[{"label":"1","type":"EXPERIMENTAL","interventionNames":["Drug: E7389"]},{"label":"2","type":"ACTIVE_COMPARATOR","interventionNames":["Drug: Physician's Choice"]}],"interventions":[{"type":"DRUG","name":"E7389","description":"1.4 mg/m\\^2 intravenous (IV) infusion given over 2-5 minutes on Days 1 and 8 every 21 days.","armGroupLabels":["1"]},{"type":"DRUG","name":"Physician's Choice","description":"Treatment of the Physician's Choice defined as any single agent chemotherapy, hormonal treatment or biological therapy approved for the treatment of cancer; or palliative treatment or radiotherapy, administered according to local practice, if applicable.","armGroupLabels":["2"]}]},"outcomesModule":{"primaryOutcomes":[{"measure":"Overall Survival","description":"Defined as the time from the date of randomization until the date of death from any cause.","timeFrame":"From date of randomization until death from any cause"}],"secondaryOutcomes":[{"measure":"Progression-Free Survival.","description":"Measured using Response Evaluation Criteria in Solid Tumors (RECIST) and defined as the time from the date of randomization until progressive disease or death from any cause in the absence of of progressive disease.","timeFrame":"Until disease progression or death."},{"measure":"Best Overall Response","description":"Measured by RECIST criteria and defined as the best response from the start of treatment until disease progression or recurrence. Lesions measured by computed tomography (CT) scan and magnetic resonance imaging (MRI). Objective response rate: complete response (CR-disappearance of all lesions)+ partial response (PR-30% decrease in lesion diameter), Progressive Disease (PD-20% increase in lesion diameter), stable disease (SD-neither shrinkage nor increase of lesions).","timeFrame":"Until Day 30 or every 3 months during Follow-up period for patients who complete study without PD."},{"measure":"Duration of Response.","description":"As measured by RECIST criteria and defined as the time from the first documented CR or PR until disease progression or death from any cause.","timeFrame":"From first documented CR or PR until disease progression or death."},{"measure":"Number of Participants With Treatment-emergent Adverse Events (TEAEs) and Serious Adverse Events (SAEs)","timeFrame":"From start of study drug administration up to 30 days after the last dose of study drug (approximately up to 42 months)"}]},"eligibilityModule":{"eligibilityCriteria":"Inclusion Criteria:\n\n1. Female patients with histologically or cytologically confirmed carcinoma of the breast.\n\n   Every effort should be made to make paraffin embedded tissue or slides from the diagnostic biopsy or surgical specimen available for confirmation of diagnosis.\n2. Patients with locally recurrent or metastatic disease who have received at least two (and not more than five) prior chemotherapeutic regimens for breast cancer, at least two of which were administered for treatment of locally recurrent and/or metastatic disease.\n\n   Prior therapy must be documented by the following criteria prior to entry onto study:\n   * Regimens must have included an anthracycline (e.g., doxorubicin, epirubicin) and a taxane (e.g., paclitaxel, docetaxel) in any combination or order. Treatment with any of these agents is not required if they are contraindicated for a certain patient.\n   * One or two of these regimens may have been administered as adjuvant and/or neoadjuvant therapy, but at least 2 must have been given for relapsed or metastatic disease.\n   * Patients must have proved refractory to the most recent chemotherapy, documented by progression on or within six (6) months of therapy.\n   * Patients with Human Epidermal Growth Factor 2 (HER2/neu) positive tumors may additionally have been treated with trastuzumab.\n   * Patients may have additionally been treated with anti-hormonal therapy.\n3. Resolution of all chemotherapy or radiation-related toxicities to Grade 1 severity or lower, except for stable sensory neuropathy \\<= Grade 2 and alopecia.\n4. Age \\>= 18 years.\n5. Eastern Cooperative Oncology Group (ECOG) Performance Status of 0 to 2.\n6. Life expectancy of \\>= 3 months.\n7. Adequate renal function as evidenced by serum creatinine \\<= 2.0 mg/dL or calculated creatinine clearance \\>= 40 mL/min per the Cockcroft and Gault formula.\n8. Adequate bone marrow function as evidenced by absolute neutrophil count (ANC) \\>= 1.5 x 10\\^9/L, hemoglobin \\>= 10.0 g/dL (a hemoglobin \\<10.0 g/dL is acceptable if it is corrected by growth factor or transfusion), and platelet count \\>= 100 x 10\\^9/L.\n9. Adequate liver function as evidenced by bilirubin \\<= 1.5 times the upper limits of normal (ULN) and alkaline phosphatase, alanine aminotransferase (ALT), and aspartate aminotransferase (AST) \\<= 3 x ULN (in the case of liver metastases \\<= 5 x ULN), unless there are bone metastases, in which case liver specific alkaline phosphatase must be separated from the total and used to assess the liver function instead of the total alkaline phosphatase. In case alkaline phosphatase is \\>3 x ULN (in absence of liver metastases) or \\> 5 x ULN (in presence of liver metastases) AND patient is known to have bone metastases, the liver specific alkaline phosphatase must be separated from the total and used to assess the liver function instead of the total alkaline phosphatase.\n10. Patients willing and able to comply with the study protocol for the duration of the study.\n11. Written informed consent prior to any study-specific screening procedures with the understanding that the patient may withdraw consent at any time without prejudice.\n\nEXCLUSION CRITERIA\n\n1. Patients who have received any of the following treatments within the specified period before E7389 or TPC treatment start:\n\n   * chemotherapy, radiation, trastuzumab or hormonal therapy within three weeks.\n   * any investigational drug within four weeks.\n2. Radiation therapy encompassing \\> 30% of marrow.\n3. Prior treatment with mitomycin C or nitrosourea.\n4. Pulmonary lymphangitic involvement that results in pulmonary dysfunction requiring active treatment, including the use of oxygen.\n5. Patients with brain or subdural metastases are not eligible, unless they have completed local therapy and have discontinued the use of corticosteroids for this indication for at least 4 weeks before starting treatment in this study. Any signs (e.g., radiologic) and/or symptoms of brain metastases must be stable for at least 4 weeks before starting study treatment; radiographic stability should be determined by comparing a contrast-enhanced computed tomography or magnetic resonance imaging brain scan performed during screening to a prior scan performed at least 4 weeks earlier.\n6. Patients with meningeal carcinomatosis.\n7. Patients who are receiving anti-coagulant therapy with warfarin or related compounds, other than for line patency, and cannot be changed to heparin-based therapy if randomized to E7389 are not eligible. If a patient is to continue on mini-dose warfarin, then the prothrombin time (PT) or international normalized ratio (INR) must be closely monitored.\n8. Women who are pregnant or breast-feeding; women of childbearing potential with either a positive pregnancy test at screening or no pregnancy test; women of childbearing potential unless (1) surgically sterile or (2) using adequate measures of contraception in the opinion of the Investigator. Perimenopausal women must be amenorrheic for at least 12 months to be considered of non-childbearing potential.\n9. Severe/uncontrolled intercurrent illness/infection.\n10. Significant cardiovascular impairment (history of congestive heart failure \\> New York Heart Association grade II, unstable angina or myocardial infarction within the past six months, or serious cardiac arrhythmia).\n11. Patients with organ allografts requiring immunosuppression.\n12. Patients with known positive HIV status.\n13. Patients who have had a prior malignancy, other than previous breast cancer, carcinoma in situ of the cervix, or non-melanoma skin cancer, unless the prior malignancy was diagnosed and definitively treated \\>= 5 years previously with no subsequent evidence of recurrence.\n14. Patients with pre-existing neuropathy \\> Grade 2.\n15. Patients with a hypersensitivity to halichondrin B and/or halichondrin B chemical derivative.\n16. Patients who participated in a prior E7389 clinical trial whether or not E7389 was received.\n17. Patients with other significant disease or disorders that, in the Investigator's opinion, would exclude the patient from the study.","healthyVolunteers":false,"sex":"FEMALE","minimumAge":"18 Years","stdAges":["ADULT","OLDER_ADULT"]},"contactsLocationsModule":{"locations":[{"facility":"US Oncology St. Vincent's Hospital - Bruno Cancer Center","city":"Birmingham","state":"Alabama","country":"United States","geoPoint":{"lat":33.52066,"lon":-86.80249}},{"facility":"Bellflower Satellite","city":"Bellflower","state":"California","country":"United States","geoPoint":{"lat":33.88168,"lon":-118.11701}},{"facility":"Research Center","city":"Gilroy","state":"California","zip":"95020","country":"United States","geoPoint":{"lat":37.00578,"lon":-121.56828}},{"facility":"US Oncology","city":"Denver","state":"Colorado","country":"United States","geoPoint":{"lat":39.73915,"lon":-104.9847}},{"facility":"Florida Cancer Research Institute","city":"Davie","state":"Florida","country":"United States","geoPoint":{"lat":26.06287,"lon":-80.2331}},{"facility":"Innovative Medical Research of South Florida, Inc.","city":"Miami","state":"Florida","zip":"33179","country":"United States","geoPoint":{"lat":25.77427,"lon":-80.19366}},{"facility":"Peachtree Hematology/Oncology Consultants, PC","city":"Atlanta","state":"Georgia","country":"United States","geoPoint":{"lat":33.749,"lon":-84.38798}},{"facility":"US Oncology","city":"Niles","state":"Illinois","country":"United States","geoPoint":{"lat":42.01892,"lon":-87.80284}},{"facility":"US Oncology","city":"Indianapolis","state":"Indiana","country":"United States","geoPoint":{"lat":39.76838,"lon":-86.15804}},{"facility":"University of Iowa Hospital and Clinic","city":"Iowa City","state":"Iowa","country":"United States","geoPoint":{"lat":41.66113,"lon":-91.53017}},{"facility":"Hematology Oncology Clinic","city":"Baton Rouge","state":"Louisiana","country":"United States","geoPoint":{"lat":30.45075,"lon":-91.15455}},{"facility":"Oncology Care Associates, P.L.L.C.","city":"Saint Joseph","state":"Michigan","country":"United States","geoPoint":{"lat":42.10976,"lon":-86.48002}},{"facility":"US Oncology","city":"Columbia","state":"Missouri","country":"United States","geoPoint":{"lat":38.95171,"lon":-92.33407}},{"facility":"Montana Cancer Specialists","city":"Missoula","state":"Montana","zip":"59820","country":"United States","geoPoint":{"lat":46.87215,"lon":-113.994}},{"facility":"US Oncology","city":"Las Vegas","state":"Nevada","country":"United States","geoPoint":{"lat":36.17497,"lon":-115.13722}},{"facility":"US Oncology","city":"Albany","state":"New York","country":"United States","geoPoint":{"lat":42.65258,"lon":-73.75623}},{"facility":"North Shore Hematology/Oncology Associates","city":"East Setauket","state":"New York","country":"United States","geoPoint":{"lat":40.94149,"lon":-73.10594}},{"facility":"Weill Cornell Breast Cancer Center","city":"New York","state":"New York","country":"United States","geoPoint":{"lat":40.71427,"lon":-74.00597}},{"facility":"Carolina Hematology Oncology Associates","city":"Charlotte","state":"North Carolina","country":"United States","geoPoint":{"lat":35.22709,"lon":-80.84313}},{"facility":"US Oncology","city":"Raleigh","state":"North Carolina","country":"United States","geoPoint":{"lat":35.7721,"lon":-78.63861}},{"facility":"US Oncology","city":"Eugene","state":"Oregon","country":"United States","geoPoint":{"lat":44.05207,"lon":-123.08675}},{"facility":"St. Vincent Medical Center","city":"Portland","state":"Oregon","country":"United States","geoPoint":{"lat":45.52345,"lon":-122.67621}},{"facility":"US Oncology","city":"Bedford","state":"Texas","country":"United States","geoPoint":{"lat":32.84402,"lon":-97.14307}},{"facility":"US Oncology","city":"Dallas","state":"Texas","country":"United States","geoPoint":{"lat":32.78306,"lon":-96.80667}},{"facility":"US Oncology","city":"Houston","state":"Texas","country":"United States","geoPoint":{"lat":29.76328,"lon":-95.36327}},{"facility":"US Oncology","city":"McAllen","state":"Texas","country":"United States","geoPoint":{"lat":26.20341,"lon":-98.23001}},{"facility":"US Oncology","city":"Midland","state":"Texas","country":"United States","geoPoint":{"lat":31.99735,"lon":-102.07791}},{"facility":"US Oncology","city":"Tyler","state":"Texas","country":"United States","geoPoint":{"lat":32.35126,"lon":-95.30106}},{"facility":"US Oncology","city":"Spokane","state":"Washington","country":"United States","geoPoint":{"lat":47.65966,"lon":-117.42908}},{"facility":"Northwest Medical Specialists","city":"Tacoma","state":"Washington","zip":"98401","country":"United States","geoPoint":{"lat":47.25288,"lon":-122.44429}},{"facility":"US Oncology","city":"Vancouver","state":"Washington","country":"United States","geoPoint":{"lat":45.63873,"lon":-122.66149}},{"facility":"US Oncology","city":"Yakima","state":"Washington","country":"United States","geoPoint":{"lat":46.60207,"lon":-120.5059}},{"facility":"Instituto Oncologico \"Las Heras\"","city":"Bahia Blanca","state":"Buenos Aires","zip":"B8000ILF","country":"Argentina","geoPoint":{"lat":-38.71959,"lon":-62.27243}},{"facility":"Hospital Britanico","city":"C.a.b.a","state":"Buenos Aires","zip":"C1280AEB","country":"Argentina","geoPoint":{"lat":-34.61315,"lon":-58.37723}},{"facility":"Instituto FIDES especialidades Medicas","city":"La Plata","state":"Buenos Aires","zip":"1900","country":"Argentina","geoPoint":{"lat":-34.92145,"lon":-57.95453}},{"facility":"Breast Clinica de la Mama","city":"La Plata","state":"Buenos Aires","country":"Argentina","geoPoint":{"lat":-34.92145,"lon":-57.95453}},{"facility":"CER Instituto Medico","city":"Quilmes Oeste","state":"Buenos Aires","country":"Argentina"},{"facility":"CITEM","city":"Quilmes","state":"Buenos Aires","country":"Argentina","geoPoint":{"lat":-34.72904,"lon":-58.26374}},{"facility":"Instituto CAICI","city":"Rosario","state":"Pcia. Santa Fe","zip":"S2000PBJ","country":"Argentina","geoPoint":{"lat":-32.94682,"lon":-60.63932}},{"facility":"Centro Medico San Roque","city":"Tucuman","state":"San Miguel De Tucuman","country":"Argentina","geoPoint":{"lat":-26.82414,"lon":-65.2226}},{"facility":"Hosptial Interzonal General de Mar del Plata","city":"Buenos Aires","zip":"7600","country":"Argentina","geoPoint":{"lat":-34.61315,"lon":-58.37723}},{"facility":"Clinica Universitaria Privada Reina Fabiola","city":"Cordoba","country":"Argentina","geoPoint":{"lat":-31.4135,"lon":-64.18105}},{"facility":"Sanatorio Frances","city":"Cordoba","country":"Argentina","geoPoint":{"lat":-31.4135,"lon":-64.18105}},{"facility":"Instituto de Oncologia y Especialidades Medicas","city":"Rosario Santa Fe","zip":"2000","country":"Argentina"},{"facility":"Clinica Especializada ISIS","city":"Santa Fe","zip":"S3000FFU","country":"Argentina","geoPoint":{"lat":-31.63333,"lon":-60.7}},{"facility":"The Queen Elizabeth Hospital","city":"Southport","state":"Queensland","zip":"4215","country":"Australia","geoPoint":{"lat":-27.96724,"lon":153.39796}},{"facility":"Servicio De Oncologia","city":"Woodville South","state":"South Australia","zip":"5011","country":"Australia","geoPoint":{"lat":-34.88186,"lon":138.53477}},{"facility":"Maroondah Breast Clinic","city":"Melbourne","zip":"3135","country":"Australia","geoPoint":{"lat":-37.814,"lon":144.96332}},{"facility":"Mater Medical Centre","city":"North Sydney","zip":"2060","country":"Australia","geoPoint":{"lat":-33.839,"lon":151.2072}},{"facility":"Mount Hospital","city":"Perth","zip":"6000","country":"Australia","geoPoint":{"lat":-31.95224,"lon":115.8614}},{"facility":"Royal Perth Hospital, Department of Medical Oncology","city":"Perth","zip":"6000","country":"Australia","geoPoint":{"lat":-31.95224,"lon":115.8614}},{"facility":"Medizinische Universitatsklinik Graz","city":"Graz Steiermark","zip":"8036","country":"Austria"},{"facility":"Salzburger Landeskliniken Universitatsklinik fur Innere medizin III","city":"Salzburg","zip":"5020","country":"Austria","geoPoint":{"lat":47.79941,"lon":13.04399}},{"facility":"Institut Jules Bordet","city":"Brussels","zip":"1000","country":"Belgium","geoPoint":{"lat":50.85045,"lon":4.34878}},{"facility":"Cliniques Universitaires Saint-Luc","city":"Bruxelles","zip":"1200","country":"Belgium","geoPoint":{"lat":50.85045,"lon":4.34878}},{"facility":"Centre Hospitalier Notre-Dame - Reine Fabiola","city":"Charleroi","zip":"6000","country":"Belgium","geoPoint":{"lat":50.41136,"lon":4.44448}},{"facility":"UZ Gent","city":"Gent","zip":"B-9000","country":"Belgium","geoPoint":{"lat":51.05,"lon":3.71667}},{"facility":"AZ Groeninge, Campus Maria's Voorzienigheid","city":"Kortrijk","zip":"8500","country":"Belgium","geoPoint":{"lat":50.82803,"lon":3.26487}},{"facility":"Centro Regional Integrado de Oncologia-CRIO","city":"Fortaleza","state":"CE","country":"Brazil","geoPoint":{"lat":-3.71722,"lon":-38.54306}},{"facility":"Centro de Pesquisas e Estudios do Centro Goiano","city":"Giana","state":"GO","country":"Brazil"},{"facility":"Hospital Erasto Gaertner","city":"Curitiba","state":"PA","country":"Brazil","geoPoint":{"lat":-25.42778,"lon":-49.27306}},{"facility":"Instituto Nacional do Cancer-Unidade III (INCA III)","city":"Rio De Janiero","state":"RJ","country":"Brazil"},{"facility":"CPO-Centro de Pesquisas em Oncologia","city":"Porto Alegre","state":"RS","country":"Brazil","geoPoint":{"lat":-30.03306,"lon":-51.23}},{"facility":"CEPHO-Centro de Estudos e Pesquisa de Hematologia e oncologia","city":"Santo Andre","state":"SP","country":"Brazil","geoPoint":{"lat":-23.66389,"lon":-46.53833}},{"facility":"Santo Andre Diagnosticos e Tratamentos","city":"Santo Andre","state":"SP","country":"Brazil","geoPoint":{"lat":-23.66389,"lon":-46.53833}},{"facility":"Clinica de Oncologia Medica","city":"Sao Paulo","state":"SP","country":"Brazil","geoPoint":{"lat":-23.5475,"lon":-46.63611}},{"facility":"Hospital Amaral Carvalho","city":"Vila Assis","state":"SP","country":"Brazil"},{"facility":"The Ottawa Hospital Regional Cancer Center","city":"Ottawa","state":"Ontario","country":"Canada","geoPoint":{"lat":45.41117,"lon":-75.69812}},{"facility":"Sunnybrook Odette Cancer Centre","city":"Toronto","state":"Ontario","zip":"M4N 3M5","country":"Canada","geoPoint":{"lat":43.70011,"lon":-79.4163}},{"facility":"McGill University Health Centre, Department of Oncology, Gerald Bronfman Center","city":"Montreal","state":"Quebec","country":"Canada","geoPoint":{"lat":45.50884,"lon":-73.58781}},{"facility":"Clinical Hospital Osijek","city":"Osijek","zip":"31000","country":"Croatia","geoPoint":{"lat":45.55111,"lon":18.69389}},{"facility":"University Hospital Center Zagreb","city":"Zagreb","zip":"1000","country":"Croatia","geoPoint":{"lat":45.81444,"lon":15.97798}},{"facility":"University Hospital for Tumors Zagreb","city":"Zagreb","zip":"1000","country":"Croatia","geoPoint":{"lat":45.81444,"lon":15.97798}},{"facility":"Masaryk Memorial Cancer Institute","city":"Brno","zip":"656 53","country":"Czechia","geoPoint":{"lat":49.19522,"lon":16.60796}},{"facility":"Hospital Jihlava","city":"Jihlava","zip":"58633","country":"Czechia","geoPoint":{"lat":49.3961,"lon":15.59124}},{"facility":"General Faculty Hospital Prague","city":"Prague","zip":"128 08","country":"Czechia","geoPoint":{"lat":50.08804,"lon":14.42076}},{"facility":"Fakultni Thomayerova Nemocnice","city":"Prague","zip":"14059","country":"Czechia","geoPoint":{"lat":50.08804,"lon":14.42076}},{"facility":"Clinic of Radiotherapy and Oncology","city":"Praha 10","zip":"100 34","country":"Czechia","geoPoint":{"lat":50.08804,"lon":14.42076}},{"facility":"Ustav radia ni onkologie 1. LF UK a FNB","city":"Praha","zip":"18000","country":"Czechia","geoPoint":{"lat":50.08804,"lon":14.42076}},{"facility":"Centre Paul Papin","city":"Agners Cedex 01","zip":"46033","country":"France"},{"facility":"Hopital Jean Minjoz","city":"Besancon","zip":"25030","country":"France","geoPoint":{"lat":47.24878,"lon":6.01815}},{"facility":"Polyclinique Boredaux Nord Aquitaine","city":"Bordeaux","zip":"33300","country":"France","geoPoint":{"lat":44.84044,"lon":-0.5805}},{"facility":"Centre Francois Baclesse Caen","city":"Caen Cedex 05","zip":"14076","country":"France","geoPoint":{"lat":49.18585,"lon":-0.35912}},{"facility":"Centre Jean Perrin - CRLC","city":"Clermont-Ferrand Cedex 01","zip":"63011","country":"France","geoPoint":{"lat":45.77966,"lon":3.08628}},{"facility":"Centre Georges-Francois Lecierc","city":"Dijon Cedex","zip":"21079","country":"France","geoPoint":{"lat":47.31667,"lon":5.01667}},{"facility":"Hopital Edourad Herriot","city":"Lyon","zip":"69008","country":"France","geoPoint":{"lat":45.74848,"lon":4.84669}},{"facility":"Institut Curie","city":"Paris","zip":"75005","country":"France","geoPoint":{"lat":48.85341,"lon":2.3488}},{"facility":"Clinique Armoricaine de Radiologie","city":"Saint Brieuc Cedex","zip":"22015","country":"France","geoPoint":{"lat":48.51513,"lon":-2.76838}},{"facility":"Hopital Bretonneau","city":"Tours Cedex","zip":"37044","country":"France","geoPoint":{"lat":47.38333,"lon":0.68333}},{"facility":"Semmelweis Medical University, III. Dep. of Internal Med.","city":"Budapest","zip":"1125","country":"Hungary","geoPoint":{"lat":47.49801,"lon":19.03991}},{"facility":"Debrecen Medical University, Department of Oncology","city":"Debrecen","zip":"4012","country":"Hungary","geoPoint":{"lat":47.53333,"lon":21.63333}},{"facility":"University of Pecs","city":"Pecs","zip":"7200","country":"Hungary","geoPoint":{"lat":46.08333,"lon":18.23333}},{"facility":"Markusovszky Teaching Hospital, Dept. of Oncoradiology, Sec. Med. Oncology","city":"Szombathely","zip":"9700","country":"Hungary","geoPoint":{"lat":47.23088,"lon":16.62155}},{"facility":"Azienda Ospedaliera Careggi","city":"Firenze (FI)","zip":"50139","country":"Italy","geoPoint":{"lat":43.77925,"lon":11.24626}},{"facility":"Ospedale San Martino","city":"Genova","zip":"16132","country":"Italy","geoPoint":{"lat":44.40478,"lon":8.94438}},{"facility":"Ospedale \"Vito Fazzi\" - Lecce","city":"Lecce (LE)","zip":"73100","country":"Italy"},{"facility":"Istituto Scientifico San Raffaele","city":"Milano","zip":"20132","country":"Italy","geoPoint":{"lat":45.46427,"lon":9.18951}},{"facility":"Ospedale San Filippo Neri","city":"Roma","zip":"00135","country":"Italy","geoPoint":{"lat":41.89193,"lon":12.51133}},{"facility":"Istituto Clinico Humanitas","city":"Rozzano","zip":"20089","country":"Italy","geoPoint":{"lat":45.38193,"lon":9.1559}},{"facility":"UO di Oncologia","city":"Sora","zip":"03039","country":"Italy","geoPoint":{"lat":41.71829,"lon":13.61356}},{"facility":"Akademickie Centrum Kliniczne Szpital Akademii Medycznej w","city":"Gdansk","zip":"80952","country":"Poland","geoPoint":{"lat":54.35205,"lon":18.64637}},{"facility":"Szpital Morski im PCK w Gdyni Gdynskie Centrum Onkologii","city":"Gdynia","zip":"81519","country":"Poland","geoPoint":{"lat":54.51889,"lon":18.53188}},{"facility":"Centrum Onkologii Instytut M. Sklodowskiej Curie w Warszawie Oddzial Gilwice","city":"Gilwice","zip":"44101","country":"Poland"},{"facility":"Centrum Onkologii Instytut M Sklodowskiej Curie, Oddzial w Krakowie","city":"Krakow","zip":"31-115","country":"Poland","geoPoint":{"lat":50.06143,"lon":19.93658}},{"facility":"Szpital Kiniczny Przemienienia Panskiego Uniwersyteu Medycznego im Karola Marcinkowskiego w Poznaniu","city":"Poznan","zip":"61878","country":"Poland","geoPoint":{"lat":52.40692,"lon":16.92993}},{"facility":"Zachodniopomorski e Centrum","city":"Szczecin","zip":"71-730","country":"Poland","geoPoint":{"lat":53.42894,"lon":14.55302}},{"facility":"Centrum Onkologii Instytut im M. Sklodowskiej Curie w Warszawie","city":"Warszawa","zip":"02781","country":"Poland","geoPoint":{"lat":52.22977,"lon":21.01178}},{"facility":"Republic Clinical Oncology Dispensary","city":"Izhervsk Udmurtia","zip":"426009","country":"Russian Federation"},{"facility":"Kazan State Medical University","city":"Kazan","zip":"420012","country":"Russian Federation","geoPoint":{"lat":55.78874,"lon":49.12214}},{"facility":"Krasnodar Territory Clinical Oncology Center","city":"Krasnodar","zip":"350040","country":"Russian Federation","geoPoint":{"lat":45.04484,"lon":38.97603}},{"facility":"Burdenko Main Military Hospital","city":"Moscow","zip":"105229","country":"Russian Federation","geoPoint":{"lat":55.75222,"lon":37.61556}},{"facility":"Nizhniy Novgorod City Oncology Center","city":"Nizhny Novgorod","zip":"603081","country":"Russian Federation","geoPoint":{"lat":56.32867,"lon":44.00205}},{"facility":"City Clinical Hospital #1","city":"Novosibirisk","zip":"630047","country":"Russian Federation"},{"facility":"Republican Oncology Center","city":"Petrozavodsk","zip":"185007","country":"Russian Federation","geoPoint":{"lat":61.78491,"lon":34.34691}},{"facility":"State Institution of Healthcare Stavropol Region clinical Oncology dispensary","city":"Pyatigorsk","country":"Russian Federation","geoPoint":{"lat":44.04861,"lon":43.05944}},{"facility":"St Petersburg City Oncology Center","city":"St Petersburg","zip":"197022","country":"Russian Federation","geoPoint":{"lat":59.93863,"lon":30.31413}},{"facility":"Pavlov Medical University","city":"St. Petersburg","zip":"190722","country":"Russian Federation","geoPoint":{"lat":59.93863,"lon":30.31413}},{"facility":"NN Petrov Research Institute of Oncology","city":"St. Petersburg","zip":"197758","country":"Russian Federation","geoPoint":{"lat":59.93863,"lon":30.31413}},{"facility":"Tomsk Regional Oncology Dispensary","city":"Tomsk","zip":"634050","country":"Russian Federation","geoPoint":{"lat":56.49771,"lon":84.97437}},{"facility":"GUZ YO Regional Clinical Oncology Hospital","city":"Yaroslavl","zip":"150054","country":"Russian Federation","geoPoint":{"lat":57.62987,"lon":39.87368}},{"facility":"Panorama Medical Centre","city":"Panorama","state":"Cape Town","zip":"7500","country":"South Africa","geoPoint":{"lat":-25.61314,"lon":30.52899}},{"facility":"Eastern Cape Oncology Centre, GVI, St Georges Hospital","city":"Port Elizabeth","state":"Eastern Cape","zip":"6001","country":"South Africa","geoPoint":{"lat":-33.91799,"lon":25.57007}},{"facility":"Sandton Oncology Centre","city":"Johannesburg","zip":"2057","country":"South Africa","geoPoint":{"lat":-26.20227,"lon":28.04363}},{"facility":"Pretoria Academic Hospital","city":"Pretoria","zip":"0001","country":"South Africa","geoPoint":{"lat":-25.74486,"lon":28.18783}},{"facility":"Hospital Vall d Hebron","city":"Barcelona","zip":"08035","country":"Spain","geoPoint":{"lat":41.38879,"lon":2.15899}},{"facility":"Hospital Mutua de Terrassa","city":"Barcelona","zip":"E-08221","country":"Spain","geoPoint":{"lat":41.38879,"lon":2.15899}},{"facility":"Hospital Universitario de Girona Dr. Josep Trueta","city":"Gerona","zip":"17007","country":"Spain","geoPoint":{"lat":41.98311,"lon":2.82493}},{"facility":"Complejo Hospitalario de Jaen","city":"Jaen","zip":"E-23007","country":"Spain","geoPoint":{"lat":37.76922,"lon":-3.79028}},{"facility":"Hospital Unversitatio de Salamanca","city":"Salamanca","zip":"E37007","country":"Spain","geoPoint":{"lat":40.96882,"lon":-5.66388}},{"facility":"Hospital Universitario de Canarias","city":"Santa Cruz de Tenerife","zip":"E-38320","country":"Spain","geoPoint":{"lat":28.46824,"lon":-16.25462}},{"facility":"Hospital General Virgen del Rocio","city":"Sevilla","zip":"E-41013","country":"Spain","geoPoint":{"lat":37.38283,"lon":-5.97317}},{"facility":"Hospital Clinico de Zaragoza","city":"Zanagoza","zip":"50009","country":"Spain"},{"facility":"Kantonsspital Aarau","city":"Aarau","zip":"5001","country":"Switzerland","geoPoint":{"lat":47.39254,"lon":8.04422}},{"facility":"Inselspital Bern","city":"Bern Bern","zip":"3010","country":"Switzerland"},{"facility":"Kantonsspital Oncology Haematology","city":"St. Gallen","zip":"CH9007","country":"Switzerland","geoPoint":{"lat":47.42391,"lon":9.37477}},{"facility":"Spital Thun-Simmental AG","city":"Thun","zip":"3600","country":"Switzerland","geoPoint":{"lat":46.75118,"lon":7.62166}},{"facility":"Kantonsspital Winterhur","city":"Winterhur","zip":"CH-8401","country":"Switzerland"}]},"referencesModule":{"references":[{"pmid":"34037241","type":"DERIVED","citation":"Hoon SN, Lau PK, White AM, Bulsara MK, Banks PD, Redfern AD. Capecitabine for hormone receptor-positive versus hormone receptor-negative breast cancer. Cochrane Database Syst Rev. 2021 May 26;5(5):CD011220. doi: 10.1002/14651858.CD011220.pub2."},{"pmid":"32133606","type":"DERIVED","citation":"Miyoshi Y, Yoshimura Y, Saito K, Muramoto K, Sugawara M, Alexis K, Nomoto K, Nakamura S, Saeki T, Watanabe J, Perez-Garcia JM, Cortes J. High absolute lymphocyte counts are associated with longer overall survival in patients with metastatic breast cancer treated with eribulin-but not with treatment of physician's choice-in the EMBRACE study. Breast Cancer. 2020 Jul;27(4):706-715. doi: 10.1007/s12282-020-01067-2. Epub 2020 Mar 5."},{"pmid":"29522361","type":"DERIVED","citation":"Wedam SB, Beaver JA, Amiri-Kordestani L, Bloomquist E, Tang S, Goldberg KB, Sridhara R, Ibrahim A, Kim G, Kluetz P, McKee A, Pazdur R. US Food and Drug Administration Pooled Analysis to Assess the Impact of Bone-Only Metastatic Breast Cancer on Clinical Trial Outcomes and Radiographic Assessments. J Clin Oncol. 2018 Apr 20;36(12):1225-1231. doi: 10.1200/JCO.2017.74.6917. Epub 2018 Mar 9."},{"pmid":"27391598","type":"DERIVED","citation":"Twelves C, Cortes J, Kaufman PA, Yelle L, Awada A, Binder TA, Olivo M, Song J, O'Shaughnessy JA, Jove M, Perez EA. \"New\" metastases are associated with a poorer prognosis than growth of pre-existing metastases in patients with metastatic breast cancer treated with chemotherapy. Breast Cancer Res. 2015 Dec 9;17(1):150. doi: 10.1186/s13058-015-0657-1."},{"pmid":"24682463","type":"DERIVED","citation":"Muss H, Cortes J, Vahdat LT, Cardoso F, Twelves C, Wanders J, Dutcus CE, Yang J, Seegobin S, O'Shaughnessy J. Eribulin monotherapy in patients aged 70 years and older with metastatic breast cancer. Oncologist. 2014 Apr;19(4):318-27. doi: 10.1634/theoncologist.2013-0282. Epub 2014 Mar 28."},{"pmid":"21376385","type":"DERIVED","citation":"Cortes J, O'Shaughnessy J, Loesch D, Blum JL, Vahdat LT, Petrakova K, Chollet P, Manikas A, Dieras V, Delozier T, Vladimirov V, Cardoso F, Koh H, Bougnoux P, Dutcus CE, Seegobin S, Mir D, Meneses N, Wanders J, Twelves C; EMBRACE (Eisai Metastatic Breast Cancer Study Assessing Physician's Choice Versus E7389) investigators. Eribulin monotherapy versus treatment of physician's choice in patients with metastatic breast cancer (EMBRACE): a phase 3 open-label randomised study. Lancet. 2011 Mar 12;377(9769):914-23. doi: 10.1016/S0140-6736(11)60070-6. Epub 2011 Mar 2."},{"pmid":"20299316","type":"DERIVED","citation":"Twelves C, Cortes J, Vahdat LT, Wanders J, Akerele C, Kaufman PA. Phase III trials of eribulin mesylate (E7389) in extensively pretreated patients with locally recurrent or metastatic breast cancer. Clin Breast Cancer. 2010 Apr;10(2):160-3. doi: 10.3816/CBC.2010.n.023."}]}},"resultsSection":{"participantFlowModule":{"recruitmentDetails":"This study was recruited at 135 centers in 19 countries during the period of Nov 2006 to May 2009.","groups":[{"id":"FG000","title":"Eribulin Mesylate 1.4 mg/kg^2","description":"Eribulin Mesylate 1.4 mg/kg\\^2 on Days 1 and 8"},{"id":"FG001","title":"Treatment of Physician's Choice","description":"Treatment of Physician's Choice"}],"periods":[{"title":"Overall Study","milestones":[{"type":"STARTED","achievements":[{"groupId":"FG000","numSubjects":"508"},{"groupId":"FG001","numSubjects":"254"}]},{"type":"COMPLETED","achievements":[{"groupId":"FG000","numSubjects":"24"},{"groupId":"FG001","numSubjects":"10"}]},{"type":"NOT COMPLETED","achievements":[{"groupId":"FG000","numSubjects":"484"},{"groupId":"FG001","numSubjects":"244"}]}],"dropWithdraws":[{"type":"Adverse Event","reasons":[{"groupId":"FG000","numSubjects":"50"},{"groupId":"FG001","numSubjects":"24"}]},{"type":"Progressive Disease","reasons":[{"groupId":"FG000","numSubjects":"336"},{"groupId":"FG001","numSubjects":"153"}]},{"type":"Clinical Progression","reasons":[{"groupId":"FG000","numSubjects":"61"},{"groupId":"FG001","numSubjects":"36"}]},{"type":"Withdrawal by Subject","reasons":[{"groupId":"FG000","numSubjects":"10"},{"groupId":"FG001","numSubjects":"7"}]},{"type":"Administrative","reasons":[{"groupId":"FG000","numSubjects":"6"},{"groupId":"FG001","numSubjects":"9"}]},{"type":"Physician Decision","reasons":[{"groupId":"FG000","numSubjects":"18"},{"groupId":"FG001","numSubjects":"13"}]},{"type":"Death","reasons":[{"groupId":"FG000","numSubjects":"3"},{"groupId":"FG001","numSubjects":"2"}]}]}]},"baselineCharacteristicsModule":{"groups":[{"id":"BG000","title":"Eribulin Mesylate 1.4 mg/kg^2","description":"Eribulin Mesylate 1.4 mg/kg\\^2 on Days 1 and 8"},{"id":"BG001","title":"Treatment of Physician's Choice","description":"Treatment of Physician's Choice"},{"id":"BG002","title":"Total","description":"Total of all reporting groups"}],"denoms":[{"units":"Participants","counts":[{"groupId":"BG000","value":"508"},{"groupId":"BG001","value":"254"},{"groupId":"BG002","value":"762"}]}],"measures":[{"title":"Age, Continuous","paramType":"MEAN","dispersionType":"STANDARD_DEVIATION","unitOfMeasure":"years","classes":[{"categories":[{"measurements":[{"groupId":"BG000","value":"54.8","spread":"10.34"},{"groupId":"BG001","value":"55.9","spread":"10.43"},{"groupId":"BG002","value":"55.2","spread":"10.37"}]}]}]},{"title":"Sex: Female, Male","paramType":"COUNT_OF_PARTICIPANTS","unitOfMeasure":"Participants","classes":[{"categories":[{"title":"Female","measurements":[{"groupId":"BG000","value":"508"},{"groupId":"BG001","value":"254"},{"groupId":"BG002","value":"762"}]},{"title":"Male","measurements":[{"groupId":"BG000","value":"0"},{"groupId":"BG001","value":"0"},{"groupId":"BG002","value":"0"}]}]}]},{"title":"Race (NIH/OMB)","paramType":"COUNT_OF_PARTICIPANTS","unitOfMeasure":"Participants","classes":[{"categories":[{"title":"American Indian or Alaska Native","measurements":[{"groupId":"BG000","value":"0"},{"groupId":"BG001","value":"0"},{"groupId":"BG002","value":"0"}]},{"title":"Asian","measurements":[{"groupId":"BG000","value":"3"},{"groupId":"BG001","value":"2"},{"groupId":"BG002","value":"5"}]},{"title":"Native Hawaiian or Other Pacific Islander","measurements":[{"groupId":"BG000","value":"0"},{"groupId":"BG001","value":"0"},{"groupId":"BG002","value":"0"}]},{"title":"Black or African American","measurements":[{"groupId":"BG000","value":"20"},{"groupId":"BG001","value":"14"},{"groupId":"BG002","value":"34"}]},{"title":"White","measurements":[{"groupId":"BG000","value":"470"},{"groupId":"BG001","value":"233"},{"groupId":"BG002","value":"703"}]},{"title":"More than one race","measurements":[{"groupId":"BG000","value":"0"},{"groupId":"BG001","value":"0"},{"groupId":"BG002","value":"0"}]},{"title":"Unknown or Not Reported","measurements":[{"groupId":"BG000","value":"15"},{"groupId":"BG001","value":"5"},{"groupId":"BG002","value":"20"}]}]}]}]},"outcomeMeasuresModule":{"outcomeMeasures":[{"type":"PRIMARY","title":"Overall Survival","description":"Defined as the time from the date of randomization until the date of death from any cause.","populationDescription":"Intent to Treat","reportingStatus":"POSTED","paramType":"MEDIAN","dispersionType":"Full Range","unitOfMeasure":"Days","timeFrame":"From date of randomization until death from any cause","groups":[{"id":"OG000","title":"Eribulin Mesylate 1.4 mg/kg^2","description":"Eribulin Mesylate 1.4 mg/kg\\^2 on Days 1 and 8"},{"id":"OG001","title":"Treatment of Physician's Choice","description":"Treatment of Physician's Choice"}],"denoms":[{"units":"Participants","counts":[{"groupId":"OG000","value":"508"},{"groupId":"OG001","value":"254"}]}],"classes":[{"categories":[{"measurements":[{"groupId":"OG000","value":"399","lowerLimit":"360","upperLimit":"434"},{"groupId":"OG001","value":"324","lowerLimit":"282","upperLimit":"380"}]}]}]},{"type":"SECONDARY","title":"Progression-Free Survival.","description":"Measured using Response Evaluation Criteria in Solid Tumors (RECIST) and defined as the time from the date of randomization until progressive disease or death from any cause in the absence of of progressive disease.","populationDescription":"Intent to Treat","reportingStatus":"POSTED","paramType":"MEDIAN","dispersionType":"Full Range","unitOfMeasure":"Days","timeFrame":"Until disease progression or death.","groups":[{"id":"OG000","title":"Eribulin Mesylate 1.4 mg/kg^2","description":"Eribulin Mesylate 1.4 mg/kg\\^2 on Days 1 and 8"},{"id":"OG001","title":"Treatment of Physician's Choice","description":"Treatment of Physician's Choice"}],"denoms":[{"units":"Participants","counts":[{"groupId":"OG000","value":"508"},{"groupId":"OG001","value":"254"}]}],"classes":[{"categories":[{"measurements":[{"groupId":"OG000","value":"113","lowerLimit":"101","upperLimit":"118"},{"groupId":"OG001","value":"68","lowerLimit":"63","upperLimit":"103"}]}]}]},{"type":"SECONDARY","title":"Best Overall Response","description":"Measured by RECIST criteria and defined as the best response from the start of treatment until disease progression or recurrence. Lesions measured by computed tomography (CT) scan and magnetic resonance imaging (MRI). Objective response rate: complete response (CR-disappearance of all lesions)+ partial response (PR-30% decrease in lesion diameter), Progressive Disease (PD-20% increase in lesion diameter), stable disease (SD-neither shrinkage nor increase of lesions).","populationDescription":"Response Evaluable Population","reportingStatus":"POSTED","paramType":"NUMBER","unitOfMeasure":"Percent of Participants","timeFrame":"Until Day 30 or every 3 months during Follow-up period for patients who complete study without PD.","groups":[{"id":"OG000","title":"Eribulin Mesylate 1.4 mg/kg^2","description":"Eribulin Mesylate 1.4 mg/kg\\^2 on Days 1 and 8"},{"id":"OG001","title":"Treatment of Physician's Choice","description":"Treatment of Physician's Choice"}],"denoms":[{"units":"Participants","counts":[{"groupId":"OG000","value":"468"},{"groupId":"OG001","value":"214"}]}],"classes":[{"title":"Objective Response Rate (CR+PR)","categories":[{"measurements":[{"groupId":"OG000","value":"12.2"},{"groupId":"OG001","value":"4.7"}]}]},{"title":"Complete Response","categories":[{"measurements":[{"groupId":"OG000","value":"0.6"},{"groupId":"OG001","value":"0"}]}]},{"title":"Partial Response","categories":[{"measurements":[{"groupId":"OG000","value":"11.5"},{"groupId":"OG001","value":"4.7"}]}]},{"title":"Stable Disease","categories":[{"measurements":[{"groupId":"OG000","value":"44.4"},{"groupId":"OG001","value":"44.9"}]}]},{"title":"Progressive Disease","categories":[{"measurements":[{"groupId":"OG000","value":"40.6"},{"groupId":"OG001","value":"49.1"}]}]},{"title":"Not Evaluable","categories":[{"measurements":[{"groupId":"OG000","value":"2.6"},{"groupId":"OG001","value":"1.4"}]}]},{"title":"Unknown","categories":[{"measurements":[{"groupId":"OG000","value":"0.2"},{"groupId":"OG001","value":"0"}]}]}]},{"type":"SECONDARY","title":"Duration of Response.","description":"As measured by RECIST criteria and defined as the time from the first documented CR or PR until disease progression or death from any cause.","populationDescription":"Response Evaluable Population","reportingStatus":"POSTED","paramType":"MEDIAN","dispersionType":"Full Range","unitOfMeasure":"Days","timeFrame":"From first documented CR or PR until disease progression or death.","groups":[{"id":"OG000","title":"Eribulin Mesylate 1.4 mg/kg^2","description":"Eribulin Mesylate 1.4 mg/kg\\^2 on Days 1 and 8"},{"id":"OG001","title":"Treatment of Physician's Choice","description":"Treatment of Physician's Choice"}],"denoms":[{"units":"Participants","counts":[{"groupId":"OG000","value":"468"},{"groupId":"OG001","value":"214"}]}],"classes":[{"categories":[{"measurements":[{"groupId":"OG000","value":"128","lowerLimit":"116","upperLimit":"152"},{"groupId":"OG001","value":"205","lowerLimit":"205","upperLimit":"212"}]}]}]},{"type":"SECONDARY","title":"Number of Participants With Treatment-emergent Adverse Events (TEAEs) and Serious Adverse Events (SAEs)","populationDescription":"The safety analysis set was all participants who were randomized and who received at least a partial dose of study treatment.","reportingStatus":"POSTED","paramType":"NUMBER","unitOfMeasure":"participants","timeFrame":"From start of study drug administration up to 30 days after the last dose of study drug (approximately up to 42 months)","groups":[{"id":"OG000","title":"Eribulin Mesylate 1.4 mg/kg^2","description":"Eribulin Mesylate 1.4 mg/kg\\^2 on Days 1 and 8"},{"id":"OG001","title":"Treatment of Physician's Choice","description":"Treatment of Physician's Choice"}],"denoms":[{"units":"Participants","counts":[{"groupId":"OG000","value":"503"},{"groupId":"OG001","value":"247"}]}],"classes":[{"title":"TEAE","categories":[{"measurements":[{"groupId":"OG000","value":"497"},{"groupId":"OG001","value":"230"}]}]},{"title":"SAE","categories":[{"measurements":[{"groupId":"OG000","value":"130"},{"groupId":"OG001","value":"64"}]}]}]}]},"adverseEventsModule":{"frequencyThreshold":"5","description":"The safety analysis set was all participants who were randomized and who received at least a partial dose of study treatment.","eventGroups":[{"id":"EG000","title":"Eribulin Mesylate 1.4 mg/kg^2","description":"Eribulin Mesylate 1.4 mg/kg\\^2 on Days 1 and 8","seriousNumAffected":130,"seriousNumAtRisk":503,"otherNumAffected":497,"otherNumAtRisk":503},{"id":"EG001","title":"Treatment of Physician's Choice","description":"Treatment of Physician's Choice","seriousNumAffected":64,"seriousNumAtRisk":247,"otherNumAffected":230,"otherNumAtRisk":247}],"seriousEvents":[{"term":"Dyspnea","organSystem":"Respiratory, thoracic and mediastinal disorders","stats":[{"groupId":"EG000","numAffected":7,"numAtRisk":503},{"groupId":"EG001","numAffected":9,"numAtRisk":247}]},{"term":"Pleural Effusion","organSystem":"Respiratory, thoracic and mediastinal disorders","stats":[{"groupId":"EG000","numAffected":6,"numAtRisk":503},{"groupId":"EG001","numAffected":4,"numAtRisk":247}]},{"term":"Pulmonary Embolism","organSystem":"Respiratory, thoracic and mediastinal disorders","stats":[{"groupId":"EG000","numAffected":9,"numAtRisk":503},{"groupId":"EG001","numAffected":3,"numAtRisk":247}]},{"term":"Respiratory Failure","organSystem":"Respiratory, thoracic and mediastinal disorders","stats":[{"groupId":"EG000","numAffected":1,"numAtRisk":503},{"groupId":"EG001","numAffected":2,"numAtRisk":247}]},{"term":"Atelectasis","organSystem":"Respiratory, thoracic and mediastinal disorders","stats":[{"groupId":"EG000","numAffected":0,"numAtRisk":503},{"groupId":"EG001","numAffected":1,"numAtRisk":247}]},{"term":"Cough","organSystem":"Respiratory, thoracic and mediastinal disorders","stats":[{"groupId":"EG000","numAffected":1,"numAtRisk":503},{"groupId":"EG001","numAffected":0,"numAtRisk":247}]},{"term":"Interstitial Lung Disease","organSystem":"Respiratory, thoracic and mediastinal disorders","stats":[{"groupId":"EG000","numAffected":0,"numAtRisk":503},{"groupId":"EG001","numAffected":1,"numAtRisk":247}]},{"term":"Pharyngolaryngeal Pain","organSystem":"Respiratory, thoracic and mediastinal disorders","stats":[{"groupId":"EG000","numAffected":1,"numAtRisk":503},{"groupId":"EG001","numAffected":0,"numAtRisk":247}]},{"term":"Pneumonitis","organSystem":"Respiratory, thoracic and mediastinal disorders","stats":[{"groupId":"EG000","numAffected":0,"numAtRisk":503},{"groupId":"EG001","numAffected":1,"numAtRisk":247}]},{"term":"Productive Cough","organSystem":"Respiratory, thoracic and mediastinal disorders","stats":[{"groupId":"EG000","numAffected":1,"numAtRisk":503},{"groupId":"EG001","numAffected":0,"numAtRisk":247}]},{"term":"Pulmonary Artery Thrombosis","organSystem":"Respiratory, thoracic and mediastinal disorders","stats":[{"groupId":"EG000","numAffected":1,"numAtRisk":503},{"groupId":"EG001","numAffected":0,"numAtRisk":247}]},{"term":"Febrile Neutropenia","organSystem":"Blood and lymphatic system disorders","stats":[{"groupId":"EG000","numAffected":21,"numAtRisk":503},{"groupId":"EG001","numAffected":3,"numAtRisk":247}]},{"term":"Neutropenia","organSystem":"Blood and lymphatic system disorders","stats":[{"groupId":"EG000","numAffected":9,"numAtRisk":503},{"groupId":"EG001","numAffected":0,"numAtRisk":247}]},{"term":"Anaemia","organSystem":"Blood and lymphatic system disorders","stats":[{"groupId":"EG000","numAffected":1,"numAtRisk":503},{"groupId":"EG001","numAffected":2,"numAtRisk":247}]},{"term":"Pancytopenia","organSystem":"Blood and lymphatic system disorders","stats":[{"groupId":"EG000","numAffected":1,"numAtRisk":503},{"groupId":"EG001","numAffected":0,"numAtRisk":247}]},{"term":"Asthenia/Fatigue","organSystem":"General disorders","stats":[{"groupId":"EG000","numAffected":7,"numAtRisk":503},{"groupId":"EG001","numAffected":6,"numAtRisk":247}]},{"term":"Asthenia","organSystem":"General disorders","stats":[{"groupId":"EG000","numAffected":6,"numAtRisk":503},{"groupId":"EG001","numAffected":5,"numAtRisk":247}]},{"term":"Pyrexia","organSystem":"General disorders","stats":[{"groupId":"EG000","numAffected":7,"numAtRisk":503},{"groupId":"EG001","numAffected":2,"numAtRisk":247}]},{"term":"General Physical Health Deterioration","organSystem":"General disorders","stats":[{"groupId":"EG000","numAffected":6,"numAtRisk":503},{"groupId":"EG001","numAffected":2,"numAtRisk":247}]},{"term":"Pain","organSystem":"General disorders","stats":[{"groupId":"EG000","numAffected":1,"numAtRisk":503},{"groupId":"EG001","numAffected":2,"numAtRisk":247}]},{"term":"Performance Status Decreased","organSystem":"General disorders","stats":[{"groupId":"EG000","numAffected":0,"numAtRisk":503},{"groupId":"EG001","numAffected":3,"numAtRisk":247}]},{"term":"Fatigue","organSystem":"General disorders","stats":[{"groupId":"EG000","numAffected":1,"numAtRisk":503},{"groupId":"EG001","numAffected":1,"numAtRisk":247}]},{"term":"Mucosal Inflammation","organSystem":"General disorders","stats":[{"groupId":"EG000","numAffected":1,"numAtRisk":503},{"groupId":"EG001","numAffected":1,"numAtRisk":247}]},{"term":"Chills","organSystem":"General disorders","stats":[{"groupId":"EG000","numAffected":1,"numAtRisk":503},{"groupId":"EG001","numAffected":0,"numAtRisk":247}]},{"term":"Non-Cardiac Chest Pain","organSystem":"General disorders","stats":[{"groupId":"EG000","numAffected":1,"numAtRisk":503},{"groupId":"EG001","numAffected":0,"numAtRisk":247}]},{"term":"Nausea","organSystem":"Gastrointestinal disorders","stats":[{"groupId":"EG000","numAffected":7,"numAtRisk":503},{"groupId":"EG001","numAffected":2,"numAtRisk":247}]},{"term":"Vomiting","organSystem":"Gastrointestinal disorders","stats":[{"groupId":"EG000","numAffected":5,"numAtRisk":503},{"groupId":"EG001","numAffected":1,"numAtRisk":247}]},{"term":"Diarrhoea","organSystem":"Gastrointestinal disorders","stats":[{"groupId":"EG000","numAffected":1,"numAtRisk":503},{"groupId":"EG001","numAffected":4,"numAtRisk":247}]},{"term":"Abdominal Pain","organSystem":"Gastrointestinal disorders","stats":[{"groupId":"EG000","numAffected":1,"numAtRisk":503},{"groupId":"EG001","numAffected":3,"numAtRisk":247}]},{"term":"Ascites","organSystem":"Gastrointestinal disorders","stats":[{"groupId":"EG000","numAffected":1,"numAtRisk":503},{"groupId":"EG001","numAffected":2,"numAtRisk":247}]},{"term":"Constipation","organSystem":"Gastrointestinal disorders","stats":[{"groupId":"EG000","numAffected":1,"numAtRisk":503},{"groupId":"EG001","numAffected":1,"numAtRisk":247}]},{"term":"Stomatitis","organSystem":"Gastrointestinal disorders","stats":[{"groupId":"EG000","numAffected":2,"numAtRisk":503},{"groupId":"EG001","numAffected":0,"numAtRisk":247}]},{"term":"Abdominal Distension","organSystem":"Gastrointestinal disorders","stats":[{"groupId":"EG000","numAffected":0,"numAtRisk":503},{"groupId":"EG001","numAffected":1,"numAtRisk":247}]},{"term":"Abdominal Pain Upper","organSystem":"Gastrointestinal disorders","stats":[{"groupId":"EG000","numAffected":0,"numAtRisk":503},{"groupId":"EG001","numAffected":1,"numAtRisk":247}]},{"term":"Colonic Obstruction","organSystem":"Gastrointestinal disorders","stats":[{"groupId":"EG000","numAffected":1,"numAtRisk":503},{"groupId":"EG001","numAffected":0,"numAtRisk":247}]},{"term":"Intestinal Obstruction","organSystem":"Gastrointestinal disorders","stats":[{"groupId":"EG000","numAffected":1,"numAtRisk":503},{"groupId":"EG001","numAffected":0,"numAtRisk":247}]},{"term":"Melaena","organSystem":"Gastrointestinal disorders","stats":[{"groupId":"EG000","numAffected":0,"numAtRisk":503},{"groupId":"EG001","numAffected":1,"numAtRisk":247}]},{"term":"Mouth Haemorrhage","organSystem":"Gastrointestinal disorders","stats":[{"groupId":"EG000","numAffected":1,"numAtRisk":503},{"groupId":"EG001","numAffected":0,"numAtRisk":247}]},{"term":"Esophageal Stenosis","organSystem":"Gastrointestinal disorders","stats":[{"groupId":"EG000","numAffected":1,"numAtRisk":503},{"groupId":"EG001","numAffected":0,"numAtRisk":247}]},{"term":"Esophageal Varices Haemorrhage","organSystem":"Gastrointestinal disorders","stats":[{"groupId":"EG000","numAffected":1,"numAtRisk":503},{"groupId":"EG001","numAffected":0,"numAtRisk":247}]},{"term":"Pancreatitis","organSystem":"Gastrointestinal disorders","stats":[{"groupId":"EG000","numAffected":1,"numAtRisk":503},{"groupId":"EG001","numAffected":0,"numAtRisk":247}]},{"term":"Peritoneal Haemorrhage","organSystem":"Gastrointestinal disorders","stats":[{"groupId":"EG000","numAffected":1,"numAtRisk":503},{"groupId":"EG001","numAffected":0,"numAtRisk":247}]},{"term":"Pneumonia","organSystem":"Infections and infestations","stats":[{"groupId":"EG000","numAffected":4,"numAtRisk":503},{"groupId":"EG001","numAffected":1,"numAtRisk":247}]},{"term":"Erysipelas","organSystem":"Infections and infestations","stats":[{"groupId":"EG000","numAffected":2,"numAtRisk":503},{"groupId":"EG001","numAffected":1,"numAtRisk":247}]},{"term":"Catheter Related Infection","organSystem":"Infections and infestations","stats":[{"groupId":"EG000","numAffected":2,"numAtRisk":503},{"groupId":"EG001","numAffected":0,"numAtRisk":247}]},{"term":"Cellulitis","organSystem":"Infections and infestations","stats":[{"groupId":"EG000","numAffected":1,"numAtRisk":503},{"groupId":"EG001","numAffected":1,"numAtRisk":247}]},{"term":"Lung Infection","organSystem":"Infections and infestations","stats":[{"groupId":"EG000","numAffected":2,"numAtRisk":503},{"groupId":"EG001","numAffected":0,"numAtRisk":247}]},{"term":"Urinary Tract Infection","organSystem":"Infections and infestations","stats":[{"groupId":"EG000","numAffected":2,"numAtRisk":503},{"groupId":"EG001","numAffected":0,"numAtRisk":247}]},{"term":"Aspergillosis","organSystem":"Infections and infestations","stats":[{"groupId":"EG000","numAffected":0,"numAtRisk":503},{"groupId":"EG001","numAffected":1,"numAtRisk":247}]},{"term":"Breast Cellulitis","organSystem":"Infections and infestations","stats":[{"groupId":"EG000","numAffected":1,"numAtRisk":503},{"groupId":"EG001","numAffected":0,"numAtRisk":247}]},{"term":"Bronchopneumonia","organSystem":"Infections and infestations","stats":[{"groupId":"EG000","numAffected":1,"numAtRisk":503},{"groupId":"EG001","numAffected":0,"numAtRisk":247}]},{"term":"Catheter Site Infection","organSystem":"Infections and infestations","stats":[{"groupId":"EG000","numAffected":1,"numAtRisk":503},{"groupId":"EG001","numAffected":0,"numAtRisk":247}]},{"term":"Central Line Infection","organSystem":"Infections and infestations","stats":[{"groupId":"EG000","numAffected":1,"numAtRisk":503},{"groupId":"EG001","numAffected":0,"numAtRisk":247}]},{"term":"Clostridium Difficile Colitis","organSystem":"Infections and infestations","stats":[{"groupId":"EG000","numAffected":1,"numAtRisk":503},{"groupId":"EG001","numAffected":0,"numAtRisk":247}]},{"term":"Herpes Zoster","organSystem":"Infections and infestations","stats":[{"groupId":"EG000","numAffected":1,"numAtRisk":503},{"groupId":"EG001","numAffected":0,"numAtRisk":247}]},{"term":"Lower Respiratory Tract Infection","organSystem":"Infections and infestations","stats":[{"groupId":"EG000","numAffected":0,"numAtRisk":503},{"groupId":"EG001","numAffected":1,"numAtRisk":247}]},{"term":"Neutropenic Sepsis","organSystem":"Infections and infestations","stats":[{"groupId":"EG000","numAffected":1,"numAtRisk":503},{"groupId":"EG001","numAffected":0,"numAtRisk":247}]},{"term":"Parotitis","organSystem":"Infections and infestations","stats":[{"groupId":"EG000","numAffected":1,"numAtRisk":503},{"groupId":"EG001","numAffected":0,"numAtRisk":247}]},{"term":"Respiratory Tract Infection","organSystem":"Infections and infestations","stats":[{"groupId":"EG000","numAffected":0,"numAtRisk":503},{"groupId":"EG001","numAffected":1,"numAtRisk":247}]},{"term":"Sepsis","organSystem":"Infections and infestations","stats":[{"groupId":"EG000","numAffected":1,"numAtRisk":503},{"groupId":"EG001","numAffected":0,"numAtRisk":247}]},{"term":"Septic Shock","organSystem":"Infections and infestations","stats":[{"groupId":"EG000","numAffected":1,"numAtRisk":503},{"groupId":"EG001","numAffected":0,"numAtRisk":247}]},{"term":"Staphylococcal Sepsis","organSystem":"Infections and infestations","stats":[{"groupId":"EG000","numAffected":0,"numAtRisk":503},{"groupId":"EG001","numAffected":1,"numAtRisk":247}]},{"term":"Viral Infection","organSystem":"Infections and infestations","stats":[{"groupId":"EG000","numAffected":1,"numAtRisk":503},{"groupId":"EG001","numAffected":0,"numAtRisk":247}]},{"term":"Hypercalcaemia","organSystem":"Metabolism and nutrition disorders","stats":[{"groupId":"EG000","numAffected":7,"numAtRisk":503},{"groupId":"EG001","numAffected":2,"numAtRisk":247}]},{"term":"Dehydration","organSystem":"Metabolism and nutrition disorders","stats":[{"groupId":"EG000","numAffected":3,"numAtRisk":503},{"groupId":"EG001","numAffected":2,"numAtRisk":247}]},{"term":"Anorexia","organSystem":"Metabolism and nutrition disorders","stats":[{"groupId":"EG000","numAffected":0,"numAtRisk":503},{"groupId":"EG001","numAffected":1,"numAtRisk":247}]},{"term":"Diabetic Ketoacidosis","organSystem":"Metabolism and nutrition disorders","stats":[{"groupId":"EG000","numAffected":1,"numAtRisk":503},{"groupId":"EG001","numAffected":0,"numAtRisk":247}]},{"term":"Hyperglycaemia","organSystem":"Metabolism and nutrition disorders","stats":[{"groupId":"EG000","numAffected":1,"numAtRisk":503},{"groupId":"EG001","numAffected":0,"numAtRisk":247}]},{"term":"Hypoglycaemia","organSystem":"Metabolism and nutrition disorders","stats":[{"groupId":"EG000","numAffected":0,"numAtRisk":503},{"groupId":"EG001","numAffected":1,"numAtRisk":247}]},{"term":"Hypovolaemia","organSystem":"Metabolism and nutrition disorders","stats":[{"groupId":"EG000","numAffected":1,"numAtRisk":503},{"groupId":"EG001","numAffected":0,"numAtRisk":247}]},{"term":"Back Pain","organSystem":"Musculoskeletal and connective tissue disorders","stats":[{"groupId":"EG000","numAffected":4,"numAtRisk":503},{"groupId":"EG001","numAffected":3,"numAtRisk":247}]},{"term":"Bone Pain","organSystem":"Musculoskeletal and connective tissue disorders","stats":[{"groupId":"EG000","numAffected":3,"numAtRisk":503},{"groupId":"EG001","numAffected":0,"numAtRisk":247}]},{"term":"Muscular Weakness","organSystem":"Musculoskeletal and connective tissue disorders","stats":[{"groupId":"EG000","numAffected":2,"numAtRisk":503},{"groupId":"EG001","numAffected":0,"numAtRisk":247}]},{"term":"Musculoskeletal Pain","organSystem":"Musculoskeletal and connective tissue disorders","stats":[{"groupId":"EG000","numAffected":2,"numAtRisk":503},{"groupId":"EG001","numAffected":0,"numAtRisk":247}]},{"term":"Arthralgia","organSystem":"Musculoskeletal and connective tissue disorders","stats":[{"groupId":"EG000","numAffected":0,"numAtRisk":503},{"groupId":"EG001","numAffected":1,"numAtRisk":247}]},{"term":"Arthralgia/Myalgia","organSystem":"Musculoskeletal and connective tissue disorders","stats":[{"groupId":"EG000","numAffected":0,"numAtRisk":503},{"groupId":"EG001","numAffected":1,"numAtRisk":247}]},{"term":"Fistula","organSystem":"Musculoskeletal and connective tissue disorders","stats":[{"groupId":"EG000","numAffected":1,"numAtRisk":503},{"groupId":"EG001","numAffected":0,"numAtRisk":247}]},{"term":"Osteonecrosis","organSystem":"Musculoskeletal and connective tissue disorders","stats":[{"groupId":"EG000","numAffected":1,"numAtRisk":503},{"groupId":"EG001","numAffected":0,"numAtRisk":247}]},{"term":"Pain in Extremity","organSystem":"Musculoskeletal and connective tissue disorders","stats":[{"groupId":"EG000","numAffected":0,"numAtRisk":503},{"groupId":"EG001","numAffected":1,"numAtRisk":247}]},{"term":"Pathological Fracture","organSystem":"Musculoskeletal and connective tissue disorders","stats":[{"groupId":"EG000","numAffected":1,"numAtRisk":503},{"groupId":"EG001","numAffected":0,"numAtRisk":247}]},{"term":"Peripheral Neuropathy","organSystem":"Nervous system disorders","stats":[{"groupId":"EG000","numAffected":3,"numAtRisk":503},{"groupId":"EG001","numAffected":2,"numAtRisk":247}]},{"term":"Headache","organSystem":"Nervous system disorders","stats":[{"groupId":"EG000","numAffected":1,"numAtRisk":503},{"groupId":"EG001","numAffected":2,"numAtRisk":247}]},{"term":"Dizziness","organSystem":"Nervous system disorders","stats":[{"groupId":"EG000","numAffected":1,"numAtRisk":503},{"groupId":"EG001","numAffected":1,"numAtRisk":247}]},{"term":"Epilepsy","organSystem":"Nervous system disorders","stats":[{"groupId":"EG000","numAffected":2,"numAtRisk":503},{"groupId":"EG001","numAffected":0,"numAtRisk":247}]},{"term":"Lethargy","organSystem":"Nervous system disorders","stats":[{"groupId":"EG000","numAffected":2,"numAtRisk":503},{"groupId":"EG001","numAffected":0,"numAtRisk":247}]},{"term":"Neuropathy Peripheral","organSystem":"Nervous system disorders","stats":[{"groupId":"EG000","numAffected":1,"numAtRisk":503},{"groupId":"EG001","numAffected":1,"numAtRisk":247}]},{"term":"Peripheral Motor Neuropathy","organSystem":"Nervous system disorders","stats":[{"groupId":"EG000","numAffected":1,"numAtRisk":503},{"groupId":"EG001","numAffected":1,"numAtRisk":247}]},{"term":"Convulsion","organSystem":"Nervous system disorders","stats":[{"groupId":"EG000","numAffected":1,"numAtRisk":503},{"groupId":"EG001","numAffected":0,"numAtRisk":247}]},{"term":"Epiduritis","organSystem":"Nervous system disorders","stats":[{"groupId":"EG000","numAffected":1,"numAtRisk":503},{"groupId":"EG001","numAffected":0,"numAtRisk":247}]},{"term":"Memory Impairment","organSystem":"Nervous system disorders","stats":[{"groupId":"EG000","numAffected":1,"numAtRisk":503},{"groupId":"EG001","numAffected":0,"numAtRisk":247}]},{"term":"Paraesthesia","organSystem":"Nervous system disorders","stats":[{"groupId":"EG000","numAffected":1,"numAtRisk":503},{"groupId":"EG001","numAffected":0,"numAtRisk":247}]},{"term":"Paraparesis","organSystem":"Nervous system disorders","stats":[{"groupId":"EG000","numAffected":1,"numAtRisk":503},{"groupId":"EG001","numAffected":0,"numAtRisk":247}]},{"term":"Vocal Cord Paralysis","organSystem":"Nervous system disorders","stats":[{"groupId":"EG000","numAffected":0,"numAtRisk":503},{"groupId":"EG001","numAffected":1,"numAtRisk":247}]},{"term":"Malignant Neoplasm Progression","organSystem":"Neoplasms benign, malignant and unspecified (incl cysts and polyps)","stats":[{"groupId":"EG000","numAffected":4,"numAtRisk":503},{"groupId":"EG001","numAffected":2,"numAtRisk":247}]},{"term":"Metastases to Meninges","organSystem":"Neoplasms benign, malignant and unspecified (incl cysts and polyps)","stats":[{"groupId":"EG000","numAffected":3,"numAtRisk":503},{"groupId":"EG001","numAffected":0,"numAtRisk":247}]},{"term":"Cancer Pain","organSystem":"Neoplasms benign, malignant and unspecified (incl cysts and polyps)","stats":[{"groupId":"EG000","numAffected":0,"numAtRisk":503},{"groupId":"EG001","numAffected":2,"numAtRisk":247}]},{"term":"Brain Cancer Metastatic","organSystem":"Neoplasms benign, malignant and unspecified (incl cysts and polyps)","stats":[{"groupId":"EG000","numAffected":0,"numAtRisk":503},{"groupId":"EG001","numAffected":1,"numAtRisk":247}]},{"term":"Hepatic Neoplasm","organSystem":"Neoplasms benign, malignant and unspecified (incl cysts and polyps)","stats":[{"groupId":"EG000","numAffected":0,"numAtRisk":503},{"groupId":"EG001","numAffected":1,"numAtRisk":247}]},{"term":"Metastases to Bone","organSystem":"Neoplasms benign, malignant and unspecified (incl cysts and polyps)","stats":[{"groupId":"EG000","numAffected":1,"numAtRisk":503},{"groupId":"EG001","numAffected":0,"numAtRisk":247}]},{"term":"Ovarian Neoplasm","organSystem":"Neoplasms benign, malignant and unspecified (incl cysts and polyps)","stats":[{"groupId":"EG000","numAffected":1,"numAtRisk":503},{"groupId":"EG001","numAffected":0,"numAtRisk":247}]},{"term":"Deep Vein Thrombosis","organSystem":"Vascular disorders","stats":[{"groupId":"EG000","numAffected":3,"numAtRisk":503},{"groupId":"EG001","numAffected":2,"numAtRisk":247}]},{"term":"Cardiovascular Insufficiency","organSystem":"Vascular disorders","stats":[{"groupId":"EG000","numAffected":1,"numAtRisk":503},{"groupId":"EG001","numAffected":1,"numAtRisk":247}]},{"term":"Embolism","organSystem":"Vascular disorders","stats":[{"groupId":"EG000","numAffected":1,"numAtRisk":503},{"groupId":"EG001","numAffected":1,"numAtRisk":247}]},{"term":"Hypotension","organSystem":"Vascular disorders","stats":[{"groupId":"EG000","numAffected":1,"numAtRisk":503},{"groupId":"EG001","numAffected":0,"numAtRisk":247}]},{"term":"Venous Thrombosis","organSystem":"Vascular disorders","stats":[{"groupId":"EG000","numAffected":1,"numAtRisk":503},{"groupId":"EG001","numAffected":0,"numAtRisk":247}]},{"term":"Hip Fracture","organSystem":"Injury, poisoning and procedural complications","stats":[{"groupId":"EG000","numAffected":1,"numAtRisk":503},{"groupId":"EG001","numAffected":1,"numAtRisk":247}]},{"term":"Humerus Fracture","organSystem":"Injury, poisoning and procedural complications","stats":[{"groupId":"EG000","numAffected":1,"numAtRisk":503},{"groupId":"EG001","numAffected":1,"numAtRisk":247}]},{"term":"Compression Fracture","organSystem":"Injury, poisoning and procedural complications","stats":[{"groupId":"EG000","numAffected":0,"numAtRisk":503},{"groupId":"EG001","numAffected":1,"numAtRisk":247}]},{"term":"Fall","organSystem":"Injury, poisoning and procedural complications","stats":[{"groupId":"EG000","numAffected":1,"numAtRisk":503},{"groupId":"EG001","numAffected":0,"numAtRisk":247}]},{"term":"Femur Fracture","organSystem":"Injury, poisoning and procedural complications","stats":[{"groupId":"EG000","numAffected":1,"numAtRisk":503},{"groupId":"EG001","numAffected":0,"numAtRisk":247}]},{"term":"Confusional State","organSystem":"Psychiatric disorders","stats":[{"groupId":"EG000","numAffected":2,"numAtRisk":503},{"groupId":"EG001","numAffected":1,"numAtRisk":247}]},{"term":"Anxiety","organSystem":"Psychiatric disorders","stats":[{"groupId":"EG000","numAffected":1,"numAtRisk":503},{"groupId":"EG001","numAffected":0,"numAtRisk":247}]},{"term":"Mental Status Changes","organSystem":"Psychiatric disorders","stats":[{"groupId":"EG000","numAffected":1,"numAtRisk":503},{"groupId":"EG001","numAffected":0,"numAtRisk":247}]},{"term":"Renal Failure Acute","organSystem":"Renal and urinary disorders","stats":[{"groupId":"EG000","numAffected":1,"numAtRisk":503},{"groupId":"EG001","numAffected":2,"numAtRisk":247}]},{"term":"Hematuria","organSystem":"Renal and urinary disorders","stats":[{"groupId":"EG000","numAffected":0,"numAtRisk":503},{"groupId":"EG001","numAffected":1,"numAtRisk":247}]},{"term":"Obstructive Uropathy","organSystem":"Renal and urinary disorders","stats":[{"groupId":"EG000","numAffected":1,"numAtRisk":503},{"groupId":"EG001","numAffected":0,"numAtRisk":247}]},{"term":"Pericardial Effusion","organSystem":"Cardiac disorders","stats":[{"groupId":"EG000","numAffected":2,"numAtRisk":503},{"groupId":"EG001","numAffected":0,"numAtRisk":247}]},{"term":"Cardiac Failure","organSystem":"Cardiac disorders","stats":[{"groupId":"EG000","numAffected":1,"numAtRisk":503},{"groupId":"EG001","numAffected":0,"numAtRisk":247}]},{"term":"Extrasystoles","organSystem":"Cardiac disorders","stats":[{"groupId":"EG000","numAffected":0,"numAtRisk":503},{"groupId":"EG001","numAffected":1,"numAtRisk":247}]},{"term":"Bile Duct Obstruction","organSystem":"Hepatobiliary disorders","stats":[{"groupId":"EG000","numAffected":1,"numAtRisk":503},{"groupId":"EG001","numAffected":0,"numAtRisk":247}]},{"term":"Cytolytic Hepatitis","organSystem":"Hepatobiliary disorders","stats":[{"groupId":"EG000","numAffected":1,"numAtRisk":503},{"groupId":"EG001","numAffected":0,"numAtRisk":247}]},{"term":"Hepatic Failure","organSystem":"Hepatobiliary disorders","stats":[{"groupId":"EG000","numAffected":0,"numAtRisk":503},{"groupId":"EG001","numAffected":1,"numAtRisk":247}]},{"term":"Hyperbilirubinaemia","organSystem":"Hepatobiliary disorders","stats":[{"groupId":"EG000","numAffected":0,"numAtRisk":503},{"groupId":"EG001","numAffected":1,"numAtRisk":247}]},{"term":"Body Temperature Increased","organSystem":"Investigations","stats":[{"groupId":"EG000","numAffected":2,"numAtRisk":503},{"groupId":"EG001","numAffected":1,"numAtRisk":247}]},{"term":"Blood Creatinine Increased","organSystem":"Investigations","stats":[{"groupId":"EG000","numAffected":1,"numAtRisk":503},{"groupId":"EG001","numAffected":0,"numAtRisk":247}]},{"term":"Palmar-Plantar Erythrodysaethesia Syndrome","organSystem":"Skin and subcutaneous tissue disorders","stats":[{"groupId":"EG000","numAffected":1,"numAtRisk":503},{"groupId":"EG001","numAffected":1,"numAtRisk":247}]},{"term":"Rash","organSystem":"Skin and subcutaneous tissue disorders","stats":[{"groupId":"EG000","numAffected":1,"numAtRisk":503},{"groupId":"EG001","numAffected":1,"numAtRisk":247}]},{"term":"Angioedema","organSystem":"Skin and subcutaneous tissue disorders","stats":[{"groupId":"EG000","numAffected":1,"numAtRisk":503},{"groupId":"EG001","numAffected":0,"numAtRisk":247}]},{"term":"Ovarian Mass","organSystem":"Reproductive system and breast disorders","stats":[{"groupId":"EG000","numAffected":1,"numAtRisk":503},{"groupId":"EG001","numAffected":0,"numAtRisk":247}]},{"term":"Vertigo","organSystem":"Ear and labyrinth disorders","stats":[{"groupId":"EG000","numAffected":1,"numAtRisk":503},{"groupId":"EG001","numAffected":0,"numAtRisk":247}]},{"term":"Hypersensitivity","organSystem":"Immune system disorders","stats":[{"groupId":"EG000","numAffected":2,"numAtRisk":503},{"groupId":"EG001","numAffected":0,"numAtRisk":247}]}],"otherEvents":[{"term":"Asthenia/Fatigue","organSystem":"General disorders","stats":[{"groupId":"EG000","numAffected":273,"numAtRisk":503},{"groupId":"EG001","numAffected":99,"numAtRisk":247}]},{"term":"Asthenia","organSystem":"General disorders","stats":[{"groupId":"EG000","numAffected":138,"numAtRisk":503},{"groupId":"EG001","numAffected":59,"numAtRisk":247}]},{"term":"Fatigue","organSystem":"General disorders","stats":[{"groupId":"EG000","numAffected":148,"numAtRisk":503},{"groupId":"EG001","numAffected":47,"numAtRisk":247}]},{"term":"Pyrexia","organSystem":"General disorders","stats":[{"groupId":"EG000","numAffected":107,"numAtRisk":503},{"groupId":"EG001","numAffected":31,"numAtRisk":247}]},{"term":"Mucosal Inflammation","organSystem":"General disorders","stats":[{"groupId":"EG000","numAffected":44,"numAtRisk":503},{"groupId":"EG001","numAffected":25,"numAtRisk":247}]},{"term":"Peripheral Edema","organSystem":"General disorders","stats":[{"groupId":"EG000","numAffected":46,"numAtRisk":503},{"groupId":"EG001","numAffected":21,"numAtRisk":247}]},{"term":"Pain","organSystem":"General disorders","stats":[{"groupId":"EG000","numAffected":24,"numAtRisk":503},{"groupId":"EG001","numAffected":16,"numAtRisk":247}]},{"term":"Nausea","organSystem":"Gastrointestinal disorders","stats":[{"groupId":"EG000","numAffected":175,"numAtRisk":503},{"groupId":"EG001","numAffected":70,"numAtRisk":247}]},{"term":"Constipation","organSystem":"Gastrointestinal disorders","stats":[{"groupId":"EG000","numAffected":124,"numAtRisk":503},{"groupId":"EG001","numAffected":51,"numAtRisk":247}]},{"term":"Diarrhea","organSystem":"Gastrointestinal disorders","stats":[{"groupId":"EG000","numAffected":96,"numAtRisk":503},{"groupId":"EG001","numAffected":45,"numAtRisk":247}]},{"term":"Vomiting","organSystem":"Gastrointestinal disorders","stats":[{"groupId":"EG000","numAffected":94,"numAtRisk":503},{"groupId":"EG001","numAffected":44,"numAtRisk":247}]},{"term":"Abdominal Pain Upper","organSystem":"Gastrointestinal disorders","stats":[{"groupId":"EG000","numAffected":46,"numAtRisk":503},{"groupId":"EG001","numAffected":15,"numAtRisk":247}]},{"term":"Abdominal Pain","organSystem":"Gastrointestinal disorders","stats":[{"groupId":"EG000","numAffected":39,"numAtRisk":503},{"groupId":"EG001","numAffected":20,"numAtRisk":247}]},{"term":"Dyspepsia","organSystem":"Gastrointestinal disorders","stats":[{"groupId":"EG000","numAffected":42,"numAtRisk":503},{"groupId":"EG001","numAffected":8,"numAtRisk":247}]},{"term":"Stomatitis","organSystem":"Gastrointestinal disorders","stats":[{"groupId":"EG000","numAffected":38,"numAtRisk":503},{"groupId":"EG001","numAffected":12,"numAtRisk":247}]},{"term":"Dry Mouth","organSystem":"Gastrointestinal disorders","stats":[{"groupId":"EG000","numAffected":29,"numAtRisk":503},{"groupId":"EG001","numAffected":3,"numAtRisk":247}]},{"term":"Neutropenia","organSystem":"Blood and lymphatic system disorders","stats":[{"groupId":"EG000","numAffected":264,"numAtRisk":503},{"groupId":"EG001","numAffected":74,"numAtRisk":247}]},{"term":"Anemia","organSystem":"Blood and lymphatic system disorders","stats":[{"groupId":"EG000","numAffected":97,"numAtRisk":503},{"groupId":"EG001","numAffected":56,"numAtRisk":247}]},{"term":"Leukopenia","organSystem":"Blood and lymphatic system disorders","stats":[{"groupId":"EG000","numAffected":118,"numAtRisk":503},{"groupId":"EG001","numAffected":28,"numAtRisk":247}]},{"term":"Peripheral Neuropathy","organSystem":"Nervous system disorders","stats":[{"groupId":"EG000","numAffected":174,"numAtRisk":503},{"groupId":"EG001","numAffected":40,"numAtRisk":247}]},{"term":"Headache","organSystem":"Nervous system disorders","stats":[{"groupId":"EG000","numAffected":98,"numAtRisk":503},{"groupId":"EG001","numAffected":29,"numAtRisk":247}]},{"term":"Paresthesia","organSystem":"Nervous system disorders","stats":[{"groupId":"EG000","numAffected":56,"numAtRisk":503},{"groupId":"EG001","numAffected":16,"numAtRisk":247}]},{"term":"Peripheral Sensory Neuropathy","organSystem":"Nervous system disorders","stats":[{"groupId":"EG000","numAffected":62,"numAtRisk":503},{"groupId":"EG001","numAffected":10,"numAtRisk":247}]},{"term":"Dizziness","organSystem":"Nervous system disorders","stats":[{"groupId":"EG000","numAffected":38,"numAtRisk":503},{"groupId":"EG001","numAffected":14,"numAtRisk":247}]},{"term":"Neuropathy Peripheral","organSystem":"Nervous system disorders","stats":[{"groupId":"EG000","numAffected":39,"numAtRisk":503},{"groupId":"EG001","numAffected":9,"numAtRisk":247}]},{"term":"Dysgeusia","organSystem":"Nervous system disorders","stats":[{"groupId":"EG000","numAffected":40,"numAtRisk":503},{"groupId":"EG001","numAffected":5,"numAtRisk":247}]},{"term":"Arthralgia/Myalgia","organSystem":"Musculoskeletal and connective tissue disorders","stats":[{"groupId":"EG000","numAffected":112,"numAtRisk":503},{"groupId":"EG001","numAffected":29,"numAtRisk":247}]},{"term":"Back Pain","organSystem":"Musculoskeletal and connective tissue disorders","stats":[{"groupId":"EG000","numAffected":81,"numAtRisk":503},{"groupId":"EG001","numAffected":18,"numAtRisk":247}]},{"term":"Arthralgia","organSystem":"Musculoskeletal and connective tissue disorders","stats":[{"groupId":"EG000","numAffected":73,"numAtRisk":503},{"groupId":"EG001","numAffected":13,"numAtRisk":247}]},{"term":"Bone Pain","organSystem":"Musculoskeletal and connective tissue disorders","stats":[{"groupId":"EG000","numAffected":61,"numAtRisk":503},{"groupId":"EG001","numAffected":23,"numAtRisk":247}]},{"term":"Pain in Extremity","organSystem":"Musculoskeletal and connective tissue disorders","stats":[{"groupId":"EG000","numAffected":58,"numAtRisk":503},{"groupId":"EG001","numAffected":25,"numAtRisk":247}]},{"term":"Myalgia","organSystem":"Musculoskeletal and connective tissue disorders","stats":[{"groupId":"EG000","numAffected":54,"numAtRisk":503},{"groupId":"EG001","numAffected":17,"numAtRisk":247}]},{"term":"Musculoskeletal Chest Pain","organSystem":"Musculoskeletal and connective tissue disorders","stats":[{"groupId":"EG000","numAffected":37,"numAtRisk":503},{"groupId":"EG001","numAffected":15,"numAtRisk":247}]},{"term":"Musculoskeletal Pain","organSystem":"Musculoskeletal and connective tissue disorders","stats":[{"groupId":"EG000","numAffected":38,"numAtRisk":503},{"groupId":"EG001","numAffected":11,"numAtRisk":247}]},{"term":"Muscle Spasms","organSystem":"Musculoskeletal and connective tissue disorders","stats":[{"groupId":"EG000","numAffected":38,"numAtRisk":503},{"groupId":"EG001","numAffected":10,"numAtRisk":247}]},{"term":"Muscular Weakness","organSystem":"Musculoskeletal and connective tissue disorders","stats":[{"groupId":"EG000","numAffected":27,"numAtRisk":503},{"groupId":"EG001","numAffected":3,"numAtRisk":247}]},{"term":"Alopecia","organSystem":"Skin and subcutaneous tissue disorders","stats":[{"groupId":"EG000","numAffected":225,"numAtRisk":503},{"groupId":"EG001","numAffected":24,"numAtRisk":247}]},{"term":"Rash","organSystem":"Skin and subcutaneous tissue disorders","stats":[{"groupId":"EG000","numAffected":32,"numAtRisk":503},{"groupId":"EG001","numAffected":15,"numAtRisk":247}]},{"term":"Palmar-Plantar Erythrodysaesthesia Syndrome","organSystem":"Skin and subcutaneous tissue disorders","stats":[{"groupId":"EG000","numAffected":7,"numAtRisk":503},{"groupId":"EG001","numAffected":34,"numAtRisk":247}]},{"term":"Urinary Tract Infection","organSystem":"Infections and infestations","stats":[{"groupId":"EG000","numAffected":49,"numAtRisk":503},{"groupId":"EG001","numAffected":13,"numAtRisk":247}]},{"term":"Upper Respiratory Tract Infection","organSystem":"Infections and infestations","stats":[{"groupId":"EG000","numAffected":27,"numAtRisk":503},{"groupId":"EG001","numAffected":5,"numAtRisk":247}]},{"term":"Dyspnea","organSystem":"Respiratory, thoracic and mediastinal disorders","stats":[{"groupId":"EG000","numAffected":79,"numAtRisk":503},{"groupId":"EG001","numAffected":31,"numAtRisk":247}]},{"term":"Cough","organSystem":"Respiratory, thoracic and mediastinal disorders","stats":[{"groupId":"EG000","numAffected":74,"numAtRisk":503},{"groupId":"EG001","numAffected":21,"numAtRisk":247}]},{"term":"Pharyngolaryngeal Pain","organSystem":"Respiratory, thoracic and mediastinal disorders","stats":[{"groupId":"EG000","numAffected":36,"numAtRisk":503},{"groupId":"EG001","numAffected":3,"numAtRisk":247}]},{"term":"Epistaxis","organSystem":"Respiratory, thoracic and mediastinal disorders","stats":[{"groupId":"EG000","numAffected":12,"numAtRisk":503},{"groupId":"EG001","numAffected":13,"numAtRisk":247}]},{"term":"Weight Decreased","organSystem":"Investigations","stats":[{"groupId":"EG000","numAffected":107,"numAtRisk":503},{"groupId":"EG001","numAffected":36,"numAtRisk":247}]},{"term":"Alanine Aminotransferase Increased","organSystem":"Investigations","stats":[{"groupId":"EG000","numAffected":27,"numAtRisk":503},{"groupId":"EG001","numAffected":6,"numAtRisk":247}]},{"term":"Anorexia","organSystem":"Metabolism and nutrition disorders","stats":[{"groupId":"EG000","numAffected":101,"numAtRisk":503},{"groupId":"EG001","numAffected":32,"numAtRisk":247}]},{"term":"Hypokalemia","organSystem":"Metabolism and nutrition disorders","stats":[{"groupId":"EG000","numAffected":36,"numAtRisk":503},{"groupId":"EG001","numAffected":5,"numAtRisk":247}]},{"term":"Insomnia","organSystem":"Psychiatric disorders","stats":[{"groupId":"EG000","numAffected":38,"numAtRisk":503},{"groupId":"EG001","numAffected":10,"numAtRisk":247}]},{"term":"Anxiety","organSystem":"Psychiatric disorders","stats":[{"groupId":"EG000","numAffected":27,"numAtRisk":503},{"groupId":"EG001","numAffected":11,"numAtRisk":247}]},{"term":"Depression","organSystem":"Psychiatric disorders","stats":[{"groupId":"EG000","numAffected":27,"numAtRisk":503},{"groupId":"EG001","numAffected":3,"numAtRisk":247}]},{"term":"Lacrimation Decreased","organSystem":"Eye disorders","stats":[{"groupId":"EG000","numAffected":35,"numAtRisk":503},{"groupId":"EG001","numAffected":8,"numAtRisk":247}]}]},"moreInfoModule":{"certainAgreement":{"piSponsorEmployee":false,"restrictiveAgreement":false},"pointOfContact":{"title":"Eisai Medical Information","organization":"Eisai Inc.","email":"esi_oncmedinfo@eisai.com","phone":"1-888-274-2378"}}},"derivedSection":{"miscInfoModule":{"versionHolder":"2024-09-24","removedCountries":["Czech Republic","United Kingdom"]},"conditionBrowseModule":{"meshes":[{"id":"D000001943","term":"Breast Neoplasms"}],"ancestors":[{"id":"D000009371","term":"Neoplasms by Site"},{"id":"D000009369","term":"Neoplasms"},{"id":"D000001941","term":"Breast Diseases"},{"id":"D000012871","term":"Skin Diseases"}],"browseLeaves":[{"id":"M5220","name":"Breast Neoplasms","asFound":"Breast Cancer","relevance":"HIGH"},{"id":"M14850","name":"Recurrence","relevance":"LOW"},{"id":"M5218","name":"Breast Diseases","relevance":"LOW"},{"id":"M15674","name":"Skin Diseases","relevance":"LOW"}],"browseBranches":[{"abbrev":"BC04","name":"Neoplasms"},{"abbrev":"BC17","name":"Skin and Connective Tissue Diseases"},{"abbrev":"All","name":"All Conditions"},{"abbrev":"BC23","name":"Symptoms and General Pathology"}]},"interventionBrowseModule":{"browseLeaves":[{"id":"M147959","name":"Taxane","relevance":"LOW"}],"browseBranches":[{"abbrev":"ANeo","name":"Antineoplastic Agents"},{"abbrev":"All","name":"All Drugs and Chemicals"}]}},"hasResults":true}