{"protocolSection":{"identificationModule":{"nctId":"NCT01984866","orgStudyIdInfo":{"id":"GOMHGUGM032012"},"organization":{"fullName":"Hospital General Universitario Gregorio Marañon","class":"OTHER"},"briefTitle":"CPR Prediction After Neoadjuvant Using Excisional Biopsy By Radiofrequency In Breast Cancer From II-III UICC Stages.","officialTitle":"Complete Pathological Response Prediction After Neoadjuvant Treatment Using Excisional Biopsy By Radiofrequency In Breast Cancer From II-III UICC Stages."},"statusModule":{"statusVerifiedDate":"2020-08","overallStatus":"TERMINATED","whyStopped":"Recruitment was very low.","expandedAccessInfo":{"hasExpandedAccess":false},"startDateStruct":{"date":"2013-07"},"primaryCompletionDateStruct":{"date":"2018-04","type":"ACTUAL"},"completionDateStruct":{"date":"2018-08","type":"ACTUAL"},"studyFirstSubmitDate":"2013-10-10","studyFirstSubmitQcDate":"2013-11-07","studyFirstPostDateStruct":{"date":"2013-11-15","type":"ESTIMATED"},"lastUpdateSubmitDate":"2020-08-07","lastUpdatePostDateStruct":{"date":"2020-08-11","type":"ACTUAL"}},"sponsorCollaboratorsModule":{"responsibleParty":{"type":"SPONSOR"},"leadSponsor":{"name":"Hospital General Universitario Gregorio Marañon","class":"OTHER"}},"descriptionModule":{"briefSummary":"This project aims to determine whether biopsy using radiofrequency is a procedure suitable for this patient selection. Findings from biopsy will be correlated with the conventional surgery ones. If the technique is validated to predict the presence or absence of residual tumor, breast surgery could be avoided in cases of absence of tumor.","detailedDescription":"Breast cancer is a set of at least 4 different diseases, currently known as intrinsic genomic subtypes. Two of them are the so-called HER2-enriched, characterized by the HER-2 oncogene amplification, and the basal-like, which correlates closely with some of the triple negative tumors (TNBC). These subtypes are very sensitive to the primary medical treatment (neoadjuvant or Presurgical). The use of modern medical treatments as initial treatment, can allow the complete disappearance of cancer in the breast and axilla (pathologic complete response, CPR) in 40% of patients with TNBC and around 60% of patients with HER2-positive tumors in stage II and III.\n\nThe need of local surgery in patients where the tumor disappeared completely (CPR) after primary medical treatment, is recently questioned, the improvement is not clear and radiotherapy could be sufficient to assure the locoregional disease control.\n\nThe use of conventional diagnostic techniques (MRI, ultrasound, mammography and PET) is not enough reliable to determine the pathological complete response, making difficult to adopt an attitude of surgical abstention. The existence of a minimally invasive technique that could reliably determine the absence of cancer after primary medical treatment surgery, could avoid the surgery in these cases.\n\nPercutaneous biopsy guided by ultrasound radiofrequency is a technique that allows the complete resection of breast lesions up to 2 cm of diameter with minimal aggression to the mammary gland from the area of the initial tumor after the neoadjuvant treatment.\n\nSeveral studies report the use of this technique in patients with breast cancer. Results show a good tolerability of the technique by the patients and suggest that it would not only reduce the need of the re-excision, but also reduce the rate of local recurrence due to radiation absence.\n\nBiopsy using radiofrequency could be useful to confirm CPR in patients with triple-negative and HER2-positive tumors and several luminal B tumors and good response previously determined by conventional methods (MR in particular). Despite that, new prospective studies to analyse the reliability in patients selection with CPR and could avoid the traditional surgery are needed.\n\nTo confirm this hypothesis, a group of 100 treated patients with unicentered tumors in stages II or III and good response determined by MR after 6 cycles of treatment (less than 2 cm apparent residual injury) will be consecutively subjected to radiofrequency biopsy and the surgery previously established for each case (Tumorectomy or mastectomy). Before surgery, the sentinel node will be biopsied in order to define the surgical treatment on the axilla (none in case of negative sentinel node, axillary lymphadenectomy if positive).\n\nThe tumor samples obtained by percutaneous radiofrequency and mastectomy-Tumorectomy biopsy will be studied thoroughly to define the correlation between the two."},"conditionsModule":{"conditions":["Triple Negative, HER2+, Luminal B Breast Tumors (Stages II-III)in Female Patients"],"keywords":["CPR: Complete Pathological Response"]},"designModule":{"studyType":"OBSERVATIONAL","patientRegistry":false,"designInfo":{"observationalModel":"CASE_ONLY","timePerspective":"PROSPECTIVE"},"bioSpec":{"retention":"SAMPLES_WITH_DNA","description":"tissue samples from breast tumors"},"enrollmentInfo":{"count":13,"type":"ACTUAL"}},"armsInterventionsModule":{"armGroups":[{"label":"Breast tumors sensitive to neoadjuvant","description":"Treated patients as usual clinical practice with unicentered tumors in stages II or III and good response determined by MR after 6 cycles of treatment (less than 2 cm apparent residual injury) will be consecutively subjected to radiofrequency biopsy and the surgery previously established for each case (Tumorectomy or mastectomy). Before surgery, the sentinel node will be biopsied in order to define the surgical treatment on the axilla (none in case of negative sentinel node, axillary lymphadenectomy if positive).\n\nThe tumor samples obtained by percutaneous radiofrequency and mastectomy-Tumorectomy biopsy will be studied thoroughly to define the correlation between the two."}]},"outcomesModule":{"primaryOutcomes":[{"measure":"determination of the negative predictive value (NPV) of the excisional biopsy technique","description":"Proportion of biopsies which PCR, are really PCR in the surgical specimen.","timeFrame":"up to 15 months"}],"secondaryOutcomes":[{"measure":"Evaluation of sensitivity and specificity of the excisional biopsy by radiofrequency technique","description":"* Determine the sensitivity and specificity of excisional biopsy, radiofrequency technique, to classify correctly the stage of the tumor in the breast after neoadjuvant therapy.\n* Determine the positive predictive value (proportion of biopsies which are not CPR and actually have tumor in the surgical specimen).\n* Describe the side effects of the excisional biopsy technique by radiofrequency.\n* Describe the technical problems associated to excisional biopsy technique by radiofrequency.\n* Assess the concordance between the responses obtained in breast MRI and the previous reported in the anatomy-pathological study.\n* Determine the % of cases in which surgery could have been avoided within the group defined in the study.\n* Estimate the economic cost of excisional biopsy with standard therapy","timeFrame":"up to 15 months"}]},"eligibilityModule":{"eligibilityCriteria":"Inclusion Criteria:\n\n* Informed consent Form signed\n* Adequate Performance status (ECOG 0-1)\n* Female patients with unifocal breast tumors (stages II-III, TN, HER2+ or Luminal B) very sensitive to neoadjuvant medical treatment (5 to 6 months in accordance with the current standard)\n* Patients who submit clinical-radiologic greater response to the treatment administered (equal to or less than 1.5 cm in NMR residual tumor)\n\nExclusion Criteria:\n\n* Ki67\\<14%\n* Excisional biopsy Contraindications","healthyVolunteers":false,"sex":"FEMALE","minimumAge":"18 Years","maximumAge":"75 Years","stdAges":["ADULT","OLDER_ADULT"],"studyPopulation":"Female patients with breast tumors sensitive to neoadjuvancy","samplingMethod":"NON_PROBABILITY_SAMPLE"},"contactsLocationsModule":{"locations":[{"facility":"Hospital General Universitario Gregorio Marañón","city":"Madrid","zip":"28032","country":"Spain","geoPoint":{"lat":40.4165,"lon":-3.70256}}]}},"derivedSection":{"miscInfoModule":{"versionHolder":"2024-09-24"},"conditionBrowseModule":{"meshes":[{"id":"D000001943","term":"Breast Neoplasms"}],"ancestors":[{"id":"D000009371","term":"Neoplasms by Site"},{"id":"D000009369","term":"Neoplasms"},{"id":"D000001941","term":"Breast Diseases"},{"id":"D000012871","term":"Skin Diseases"}],"browseLeaves":[{"id":"M5220","name":"Breast Neoplasms","asFound":"Breast Tumor","relevance":"HIGH"},{"id":"M3152","name":"Pathologic Complete Response","relevance":"LOW"},{"id":"M5218","name":"Breast Diseases","relevance":"LOW"},{"id":"M15674","name":"Skin Diseases","relevance":"LOW"}],"browseBranches":[{"abbrev":"BC04","name":"Neoplasms"},{"abbrev":"BC17","name":"Skin and Connective Tissue Diseases"},{"abbrev":"All","name":"All Conditions"},{"abbrev":"BC23","name":"Symptoms and General Pathology"}]}},"hasResults":false}