{"protocolSection":{"identificationModule":{"nctId":"NCT00109265","nctIdAliases":["NCT00024219"],"orgStudyIdInfo":{"id":"OSI2288g"},"organization":{"fullName":"Genentech, Inc.","class":"INDUSTRY"},"briefTitle":"A Study to Evaluate Erlotinib in Patients With Advanced or Metastatic Breast Cancer During or Following Chemotherapy","officialTitle":"A Phase II, Multicenter, Open-Label Clinical Trial to Evaluate the Efficacy and Safety of OSI-774 in Patients With Advanced or Metastatic Breast Cancer and Disease Progression During or Following Chemotherapy"},"statusModule":{"statusVerifiedDate":"2013-06","overallStatus":"COMPLETED","startDateStruct":{"date":"2001-05"},"completionDateStruct":{"date":"2002-10","type":"ACTUAL"},"studyFirstSubmitDate":"2005-04-26","studyFirstSubmitQcDate":"2005-04-25","studyFirstPostDateStruct":{"date":"2005-04-26","type":"ESTIMATED"},"lastUpdateSubmitDate":"2015-07-01","lastUpdatePostDateStruct":{"date":"2015-07-02","type":"ESTIMATED"}},"sponsorCollaboratorsModule":{"responsibleParty":{"type":"SPONSOR"},"leadSponsor":{"name":"Genentech, Inc.","class":"INDUSTRY"}},"descriptionModule":{"briefSummary":"This is a Phase II, multicenter trial of single-agent treatment with OSI 774 in patients with histologically confirmed, incurable, locally advanced or metastatic breast cancer. Patients must have measurable disease."},"conditionsModule":{"conditions":["Breast Cancer"],"keywords":["Advanced Breast Cancer","Metastatic Breast Cancer","Cancer"]},"designModule":{"studyType":"INTERVENTIONAL","phases":["PHASE2"],"designInfo":{"primaryPurpose":"TREATMENT","maskingInfo":{"masking":"NONE"}}},"armsInterventionsModule":{"interventions":[{"type":"DRUG","name":"Erlotinib HCl (OSI-774)"}]},"eligibilityModule":{"eligibilityCriteria":"Inclusion Criteria:\n\n* Signed informed consent\n* Women \\>=18 years of age\n* Histologically documented, incurable, locally advanced or metastatic breast cancer\n* Disease progression on or after therapy with an anthracycline, a taxane, and capecitabine (Cohort 1), or disease progression on or after therapy with at least one chemotherapy regimen for locally advanced or metastatic disease (Cohort 2)\n* Measurable disease of \\>=2 cm (\\>=1 cm on spiral CT scan). Disease at previously irradiated sites is considered measurable if there is clear disease progression following radiation therapy.\n* HER2 negative, HER2 unknown, or HER2 positive and disease progression following Herceptin(R) (trastuzumab) therapy\n* ECOG performance status of 0 to 2\n* Life expectancy of \\>=3 months\n* Use of effective means of contraception in women of childbearing potential\n* Ability to comply with study and follow-up procedures\n\nExclusion Criteria:\n\n* Pleural effusions or blastic bone lesions as the only manifestations of the current metastatic breast cancer\n* Other primary malignancies within 5 years except for adequately treated carcinoma in situ of the cervix or basal or squamous cell skin cancer\n* Symptomatic or untreated brain metastases\n* Radiotherapy, immunotherapy, hormonal therapy, or chemotherapy within 21 days prior to Day 0 (6 weeks for nitrosoureas or mitomycin); prior therapy with an agent designed to target either the EGFR or EGFR-specific tyrosine kinase activity\n* INR \\>4.0 for patients receiving warfarin\n* Cumulative anthracycline and anthracenedione exposure as follows: doxorubicin \\>450 mg/m, liposomal doxorubicin \\>550 mg/m, epirubicin \\>700 mg/m, or mitoxantrone \\>140 mg/m\n* Cardiac ejection fraction (MUGA or echocardiogram) less than the local institution lower limit of normal\n* Unstable systemic disease, including active infection, uncontrolled hypertension, unstable angina, congestive heart failure, or myocardial infarction within 6 months prior to Day 0, or serious cardiac arrhythmia requiring medication\n* Major surgery, biopsy of a parenchymal organ, or significant traumatic injury occurring within 21 days prior to Day 0\n* History of other diseases, metabolic dysfunction, physical examination finding, or clinical laboratory finding giving reasonable suspicion of a disease or condition that contraindicates the use of an investigational drug or that might affect the interpretation of the results of the study or render the patient at high risk from treatment complications\n* Abnormalities of the cornea based on history (e.g., dry eye syndrome, Sjogren's syndrome), congenital abnormality (e.g., Fuch's dystrophy), abnormal slit-lamp examination using a vital dye (e.g., fluorescein, Bengal-Rose), and/or an abnormal corneal sensitivity test (Schirmer test or similar tear production test)\n* Gastrointestinal tract disease resulting in an inability to take oral medication or a requirement for IV alimentation, prior surgical procedures affecting absorption, or active peptic ulcer disease\n* Pregnancy or lactation\n* Any of the following abnormal baseline hematologic values: \\*Granulocyte count \\<=1500/uL; \\*Platelet count \\<100,000/uL; \\*Hemoglobin \\<9 gm/dL (transfusion permitted)\n* Any of the following abnormal baseline liver function tests: \\*Serum bilirubin \\>=1.5x upper limit of normal (ULN); \\*Serum ALT and AST \\>=2.5x ULN (\\>5x ULN if due to liver metastases); \\*Alkaline phosphatase \\>=2.5x ULN (\\>4x ULN if due to liver or bone metastases)\n* Other baseline laboratory values: \\*Serum creatinine \\>=1.5x ULN or creatinine clearance \\<=60 mL/min; \\*Uncontrolled hypercalcemia (\\>11.5 mg/dL); \\*Serum albumin \\<=3.0 g/dL","healthyVolunteers":false,"sex":"FEMALE","minimumAge":"18 Years","stdAges":["ADULT","OLDER_ADULT"]},"referencesModule":{"references":[{"pmid":"18496750","type":"RESULT","citation":"Dickler MN, Cobleigh MA, Miller KD, Klein PM, Winer EP. Efficacy and safety of erlotinib in patients with locally advanced or metastatic breast cancer. Breast Cancer Res Treat. 2009 May;115(1):115-21. doi: 10.1007/s10549-008-0055-9. Epub 2008 May 22."}]}},"derivedSection":{"miscInfoModule":{"versionHolder":"2024-09-24"},"conditionBrowseModule":{"meshes":[{"id":"D000001943","term":"Breast Neoplasms"}],"ancestors":[{"id":"D000009371","term":"Neoplasms by Site"},{"id":"D000009369","term":"Neoplasms"},{"id":"D000001941","term":"Breast Diseases"},{"id":"D000012871","term":"Skin Diseases"}],"browseLeaves":[{"id":"M5220","name":"Breast Neoplasms","asFound":"Breast Cancer","relevance":"HIGH"},{"id":"M20559","name":"Disease Progression","relevance":"LOW"},{"id":"M5218","name":"Breast Diseases","relevance":"LOW"},{"id":"M15674","name":"Skin Diseases","relevance":"LOW"}],"browseBranches":[{"abbrev":"BC04","name":"Neoplasms"},{"abbrev":"BC17","name":"Skin and Connective Tissue Diseases"},{"abbrev":"All","name":"All Conditions"},{"abbrev":"BC23","name":"Symptoms and General Pathology"}]},"interventionBrowseModule":{"meshes":[{"id":"D000069347","term":"Erlotinib Hydrochloride"}],"ancestors":[{"id":"D000092004","term":"Tyrosine Kinase Inhibitors"},{"id":"D000047428","term":"Protein Kinase Inhibitors"},{"id":"D000004791","term":"Enzyme Inhibitors"},{"id":"D000045504","term":"Molecular Mechanisms of Pharmacological Action"},{"id":"D000000970","term":"Antineoplastic Agents"}],"browseLeaves":[{"id":"M398","name":"Erlotinib Hydrochloride","asFound":"TSR-042","relevance":"HIGH"},{"id":"M2889","name":"Tyrosine Kinase Inhibitors","relevance":"LOW"},{"id":"M25820","name":"Protein Kinase Inhibitors","relevance":"LOW"},{"id":"M7951","name":"Enzyme Inhibitors","relevance":"LOW"},{"id":"T22","name":"Tyrosine","relevance":"LOW"}],"browseBranches":[{"abbrev":"ANeo","name":"Antineoplastic Agents"},{"abbrev":"All","name":"All Drugs and Chemicals"},{"abbrev":"AA","name":"Amino Acids"}]}},"hasResults":false}