{"protocolSection":{"identificationModule":{"nctId":"NCT01073774","orgStudyIdInfo":{"id":"He61491994"},"secondaryIdInfos":[{"id":"DFG He61481994"}],"organization":{"fullName":"Technische Universitaet Braunschweig","class":"OTHER"},"briefTitle":"Side by Side - Prediction of Couples' Adjustment to Breast or Gynecological Cancer","officialTitle":"Side by Side - Prediction of Couples' Adjustment to Breast or Gynecological Cancer","acronym":"Side by Side"},"statusModule":{"statusVerifiedDate":"2010-02","overallStatus":"COMPLETED","expandedAccessInfo":{"hasExpandedAccess":false},"startDateStruct":{"date":"2006-02"},"primaryCompletionDateStruct":{"date":"2009-12","type":"ACTUAL"},"completionDateStruct":{"date":"2009-12","type":"ACTUAL"},"studyFirstSubmitDate":"2010-02-22","studyFirstSubmitQcDate":"2010-02-22","studyFirstPostDateStruct":{"date":"2010-02-23","type":"ESTIMATED"},"lastUpdateSubmitDate":"2010-02-22","lastUpdatePostDateStruct":{"date":"2010-02-23","type":"ESTIMATED"}},"sponsorCollaboratorsModule":{"responsibleParty":{"oldNameTitle":"DFG","oldOrganization":"DFG"},"leadSponsor":{"name":"Technische Universitaet Braunschweig","class":"OTHER"},"collaborators":[{"name":"German Research Foundation","class":"OTHER"}]},"oversightModule":{"oversightHasDmc":false},"descriptionModule":{"briefSummary":"The diagnosis and treatment of cancer leads to emotional distress, and major disruptions in role functioning. Traditionally, psychosocial services offer individuals diagnosed with cancer peer group support or individual counseling with only few consideration of type or stage of cancer. Besides most cancers significantly impacting not only the individual but also their partners and families, breast and gynecological cancer may be particularly embedded in an interpersonal context, namely in the couple's relationship. Breast and gynecological cancer cause additional concerns about the women' body image, sexual functioning and these cancers may be prone to provoke or enhance maladaptive patterns of interaction between women and their partners. Thus, not only the individual but also the couple's functioning is threatened by these diagnoses.\n\nThe aim of the here proposed study is to identify predictors of couple's adjustment and to help couples to improve their ability to support each other during this time. In a multi-site study, we will evaluate the efficacy of a couple-based intervention entitled \"Side by Side: Coping with Cancer Together (\"Seite an Seite: Krebs Gemeinsam Bewältigen\"). The intervention teaches couples relationship skills that have been repeatedly validated within the marital field. The aim of the intervention is to improve couples' skills to talk to each other effectively about cancer-related topics, and enhance (or maintain) an affectionate relationship in the face of death.\n\nWe will randomly assign 303 women recently diagnosed with either breast or gynecological cancer and their partners to one of two conditions: (1) Seite an Seite, or (2) Treatment-As-Usual, in which couples receive no active psychosocial intervention. Assessment will be conducted pre-, post-, and at 6 and 12 months follow-up. These assessments include for both partners negative and positive self-report measures of individual functioning (such as mood, anxiety and benefit finding) and relationship functioning (such as relationship distress, communication patterns). Furthermore, at pre-, post- and 12-month Follow-up observational data on mutual supportive behavior when communicating about a cancer-related topic will be collected. The study may enhance our understanding of the significance of relationship skills in the process of adjusting to cancer as a couple and as an individual."},"conditionsModule":{"conditions":["Enhancing Couples Coping"],"keywords":["breast cancer couples coping"]},"designModule":{"studyType":"INTERVENTIONAL","phases":["PHASE2"],"designInfo":{"allocation":"RANDOMIZED","interventionModel":"CROSSOVER","maskingInfo":{"masking":"NONE"}}},"armsInterventionsModule":{"armGroups":[{"label":"Side by Side","type":"EXPERIMENTAL","interventionNames":["Behavioral: Side by side"]},{"label":"couples control condition","type":"ACTIVE_COMPARATOR","interventionNames":["Behavioral: couples control condition"]}],"interventions":[{"type":"BEHAVIORAL","name":"Side by side","armGroupLabels":["Side by Side"]},{"type":"BEHAVIORAL","name":"couples control condition","armGroupLabels":["couples control condition"]}]},"eligibilityModule":{"eligibilityCriteria":"Inclusion Criteria:\n\n* woman was recently diagnosed with breast cancer (Stage I - III)\n* no history of other cancers\n* woman and her male partner were married or have been living in a committed relationship for at least 12 month\n* both partners are willing to participate and able to speak German","sex":"ALL","minimumAge":"18 Years","maximumAge":"80 Years","stdAges":["ADULT","OLDER_ADULT"]}},"derivedSection":{"miscInfoModule":{"versionHolder":"2024-09-24"},"conditionBrowseModule":{"browseLeaves":[{"id":"M5220","name":"Breast Neoplasms","relevance":"LOW"}],"browseBranches":[{"abbrev":"BC04","name":"Neoplasms"},{"abbrev":"BC17","name":"Skin and Connective Tissue Diseases"},{"abbrev":"All","name":"All Conditions"}]}},"hasResults":false}