{"protocolSection":{"identificationModule":{"nctId":"NCT01085565","orgStudyIdInfo":{"id":"BM011"},"organization":{"fullName":"InSightec","class":"INDUSTRY"},"briefTitle":"Focused Ultrasound Surgery in the Treatment of Pain Resulting From Metastatic Bone Tumors With the ExAblate 2100 Conformal Bone System","officialTitle":"Phase II Study to Evaluate the Safety and Effectiveness of ExAblate MR Guided Focused Ultrasound Surgery in the Treatment of Pain Resulting From Metastatic Bone Tumors With the ExAblate 2100 Conformal Bone System"},"statusModule":{"statusVerifiedDate":"2016-03","overallStatus":"COMPLETED","expandedAccessInfo":{"hasExpandedAccess":false},"startDateStruct":{"date":"2010-03"},"primaryCompletionDateStruct":{"date":"2013-03","type":"ACTUAL"},"completionDateStruct":{"date":"2013-03","type":"ACTUAL"},"studyFirstSubmitDate":"2010-03-11","studyFirstSubmitQcDate":"2010-03-11","studyFirstPostDateStruct":{"date":"2010-03-12","type":"ESTIMATED"},"lastUpdateSubmitDate":"2016-03-07","lastUpdatePostDateStruct":{"date":"2016-03-08","type":"ESTIMATED"}},"sponsorCollaboratorsModule":{"responsibleParty":{"type":"SPONSOR"},"leadSponsor":{"name":"InSightec","class":"INDUSTRY"}},"oversightModule":{"oversightHasDmc":false},"descriptionModule":{"briefSummary":"The goal of this prospective, non-randomized, single-arm, phase 2 study is to evaluate the safety and effectiveness of this treatment using this ExAblate conformal system in the treatment of pain resulting from metastatic bone tumors Up to Fifty (50) patients will be recruited in this feasibility study. The treated patients will be followed for 3-Months post their last treatment, patients with the standard contraindications to MRI examination, such as implanted metal devices (pacemakers, etc.), will be excluded.","detailedDescription":"Bone is the third most common organ involved by metastatic disease behind lung and liver \\[6\\]. In breast cancer, bone is the second most common site of metastatic spread, and 90% of patients dying of breast cancer have bone metastasis. Breast and prostate cancer metastasize to bone most frequently, which reflects the high incidence of both these tumors, as well as their prolonged clinical courses. Post-cancer survival has increased with improvement in early detection and treatments. As a consequence, the number of patients developing metastatic bone disease during their lifetime has also increased.\n\nCurrent treatments for patients with bone metastases are primarily palliative and include localized therapies (radiation and surgery), systemic therapies (chemotherapy, hormonal therapy, radiopharmaceutical, and bisphosphonates although the primary goal of the use of these therapies are often to address the disease itself), and analgesics (opioids and non-steroidal anti-inflammatory drugs). Recently, radiofrequency ablation has been tested as a treatment option for bone metastases \\[8\\]. Currently, an off label use of Cryoablation techniques are being tested as another alternative for bone Mets palliation. The main goals of these treatments are improvement of quality of life and functional level. These goals can be further described:\n\n1. Pain relief\n2. Preservation and restoration of function\n3. Local tumor control\n4. Skeletal stabilization\n\nTreatment with external beam radiation therapy (EBRT) is the standard of care for patients with localized bone pain, and results in the palliation of pain for many of these patients. Twenty to 30% of patients treated with radiation therapy do not experience pain relief \\[9-13\\]. Re-treatment rates are generally reported in the range of 10-25%. Many patients with relapsed pain or poor response to initial radiation may be lost to follow up or may not be referred back to oncologists for consideration of re-radiation. In addition to relapse and re-treatment, there is an increased risk of pathologic fracture in the peri-radiation period. The fracture rate reported in radiation studies is generally in the range of 1% to 8%. The hyperemic response weakens the adjacent bone and increases the risk of spontaneous fracture. Furthermore, patients who have recurrent pain at a site previously irradiated may not be eligible for further radiation therapy secondary to limitations in normal tissue tolerance. Hesitation on the part of physicians to use a larger dose may be related to increased long-term toxicity. Larger radiation dose produces a greater risk of complications such as fibrosis of normal soft tissue, which can cause a decrement in the quality of life in cases of life expectancy longer than 6 months. There may also be a greater incidence of acute side effects of nausea and vomiting if the treatment field includes the stomach. The percent of patients experiencing vomiting following EBRT ranges from about 5% to 30%.\n\nA palliative treatment for painful bone metastases that is non-invasive, without long-term toxicity and having minimal complications would be a useful tool for treating physicians and also a beneficial option for patients suffering from painful bone metastases. Results of preliminary studies indicate that ExAblate treatment of painful bone metastases may be a beneficial treatment option \\[14, 15\\]. The ExAblate system is a non-invasive thermal ablation device used in the coagulation of various types of soft tissue. The ExAblate system has the potential to achieve the first three of the four previously mentioned goals in the treatment of bone tumors; namely pain relief, preservation and restoration of functional levels and local tumor control \\[11\\]. The ExAblate system used in the present study is a technological advance over the ExAblate 2000 fixed transducer system in terms of flexibility of use and reduction of positioning related pain to the patients. The ExAblate system used in this study conforms to the patient's body shape at the location of the bone mets location"},"conditionsModule":{"conditions":["Bone Cancer","Bone Metastases","Pain"],"keywords":["Bone cancer","Bone Metastases","pain palliation","metastasis","breast cancer","lung cancer","prostate cancer","cancer related pain","tumors"]},"designModule":{"studyType":"INTERVENTIONAL","phases":["PHASE2"],"designInfo":{"allocation":"NON_RANDOMIZED","interventionModel":"SINGLE_GROUP","primaryPurpose":"TREATMENT","maskingInfo":{"masking":"NONE"}},"enrollmentInfo":{"count":50,"type":"ESTIMATED"}},"armsInterventionsModule":{"armGroups":[{"label":"Exablate treatment","type":"EXPERIMENTAL","interventionNames":["Device: ExAblate 2100"]}],"interventions":[{"type":"DEVICE","name":"ExAblate 2100","description":"Conformal Bone System","armGroupLabels":["Exablate treatment"]}]},"outcomesModule":{"primaryOutcomes":[{"measure":"Safety","description":"Evaluate incidence and severity of adverse events associated with ExAblate MRgFUS ExAblate Conformal system used in the palliation of pain due to metastatic bone tumors","timeFrame":"3 months post treatment"}],"secondaryOutcomes":[{"measure":"Efficacy","description":"Level of pain relief (measured by Pain Scale)","timeFrame":"3 months post treatment"},{"measure":"Effectiveness","description":"Decrease in analgesics/opiate","timeFrame":"3 months post treatment"},{"measure":"Effectiveness","description":"Improved quality of life (measured by questionnaire)","timeFrame":"3 months post treatment"}]},"eligibilityModule":{"eligibilityCriteria":"Inclusion Criteria:\n\n1. Men and women age 18 and older\n2. Patients who are able and willing to give consent and able to attend all study visits\n3. Patients who are suffering from symptoms of bone metastases\n4. Targeted tumor(s) are ExAblate device accessible and are located in ribs, extremities (excluding joints), pelvis, shoulders and in the posterior aspects of the following spinal vertebra: Lumbar vertebra (L3 - L5), Sacral vertebra (S1 - S5)\n5. Patient with NRS (0-10 scale) pain score ≥ 4 at the targeted tumors irrespective of medication.\n6. Patient who's targeted tumors are on bone and bone-lesion interface is more than 1cm from the skin, major nerve or hollow viscera.\n7. Targeted tumors clearly visible by non-contrast MRI, and ExAblate MRgFUS device accessible\n8. Able to communicate sensations during the ExAblate MRgFUS treatment\n\nExclusion Criteria:\n\n1. Patients who either:\n\n   * Need surgical stabilization of the affected weight bearing bony structure OR\n   * Targeted tumor is at an impending fracture site of the weigh bearing bone. OR\n   * Patients with surgical stabilization of tumor site with metallic hardware\n2. Target tumors-bone interface is less then 1cm from nerve bundles, bowels, skin or bladder.\n3. Targeted (most painful) tumors:\n\n   * NOT visible by non-contrast MRI, OR\n   * NOT accessible to ExAblate device\n4. Targeted tumor is in the skull\n5. Patients on dialysis\n6. Patients with life expectancy \\< 6-Months\n7. Patients with an acute medical condition (e.g., pneumonia, sepsis) that is expected to hinder them from completing this study.\n8. Subjects with Patients with unstable cardiac status including:\n\n   * Unstable angina pectoris on medication\n   * Patients with documented myocardial infarction less than 40 days prior to protocol enrolment\n   * Subjects with Severe Congestive Heart Failure, NYHA class 4.\n   * Patients on anti-arrhythmic drugs or with uncontrolled and/or untreated arrhythmia status\n9. Severe cerebrovascular disease (CVA within last 6 months)\n10. Severe hypertension (diastolic BP \\> 100 on medication)\n11. Patients with standard contraindications for MR imaging such as non-MRI compatible implanted metallic devices including cardiac pacemakers, size limitations, etc.\n12. Known intolerance or allergies to the MRI contrast agent (e.g. Gadolinium or Magnevist) including advanced kidney disease\n13. Patients with an active infection or severe hematological, neurological, or other uncontrolled disease.\n14. KPS Score \\< 60 (See \"Definitions\" below)\n15. Patients unable to communicate with the investigator and staff.\n16. Individuals who are not able or willing to tolerate the required prolonged stationary position during treatment (approximately 2 hrs.)\n17. Are participating or have participated in another clinical trial for the palliation of their targeted bone metastasis tumors in the last 30 days\n18. Patients receiving new chemotherapy regime or radiation to the targeted lesion (s) within the last two weeks\n19. Patients with persistent undistinguishable pain (pain source unidentifiable)","healthyVolunteers":false,"sex":"ALL","minimumAge":"18 Years","stdAges":["ADULT","OLDER_ADULT"]},"contactsLocationsModule":{"locations":[{"facility":"Sheba MC","city":"Ramat Gan","zip":"52621","country":"Israel","geoPoint":{"lat":32.08227,"lon":34.81065}}]},"referencesModule":{"seeAlsoLinks":[{"label":"Sponsor's website","url":"http://www.insightec.com"}]}},"derivedSection":{"miscInfoModule":{"versionHolder":"2024-09-24"},"conditionBrowseModule":{"meshes":[{"id":"D000009362","term":"Neoplasm Metastasis"},{"id":"D000001859","term":"Bone Neoplasms"},{"id":"D000012516","term":"Osteosarcoma"}],"ancestors":[{"id":"D000009385","term":"Neoplastic Processes"},{"id":"D000009369","term":"Neoplasms"},{"id":"D000010335","term":"Pathologic Processes"},{"id":"D000009371","term":"Neoplasms by Site"},{"id":"D000001847","term":"Bone Diseases"},{"id":"D000009140","term":"Musculoskeletal Diseases"},{"id":"D000018213","term":"Neoplasms, Bone Tissue"},{"id":"D000009372","term":"Neoplasms, Connective Tissue"},{"id":"D000018204","term":"Neoplasms, Connective and Soft Tissue"},{"id":"D000009370","term":"Neoplasms by Histologic Type"},{"id":"D000012509","term":"Sarcoma"}],"browseLeaves":[{"id":"M5220","name":"Breast Neoplasms","relevance":"LOW"},{"id":"M12307","name":"Neoplasm Metastasis","asFound":"Metastases","relevance":"HIGH"},{"id":"M14335","name":"Prostatic Neoplasms","relevance":"LOW"},{"id":"M11172","name":"Lung Neoplasms","relevance":"LOW"},{"id":"M5138","name":"Bone Neoplasms","asFound":"Bone Cancer","relevance":"HIGH"},{"id":"M1091","name":"Cancer Pain","relevance":"LOW"},{"id":"M13066","name":"Pain","relevance":"LOW"},{"id":"M15334","name":"Osteosarcoma","asFound":"Bone Cancer","relevance":"HIGH"},{"id":"M12330","name":"Neoplastic Processes","relevance":"LOW"},{"id":"M5126","name":"Bone Diseases","relevance":"LOW"},{"id":"M12097","name":"Musculoskeletal Diseases","relevance":"LOW"},{"id":"M20359","name":"Neoplasms, Bone Tissue","relevance":"LOW"},{"id":"M12317","name":"Neoplasms, Connective Tissue","relevance":"LOW"},{"id":"M20350","name":"Neoplasms, Connective and Soft Tissue","relevance":"LOW"},{"id":"M12315","name":"Neoplasms by Histologic Type","relevance":"LOW"},{"id":"M15327","name":"Sarcoma","relevance":"LOW"},{"id":"T4340","name":"Osteosarcoma","asFound":"Bone Cancer","relevance":"HIGH"},{"id":"T5284","name":"Soft Tissue Sarcoma","relevance":"LOW"}],"browseBranches":[{"abbrev":"BC04","name":"Neoplasms"},{"abbrev":"BC17","name":"Skin and Connective Tissue Diseases"},{"abbrev":"All","name":"All Conditions"},{"abbrev":"BC23","name":"Symptoms and General Pathology"},{"abbrev":"BXS","name":"Urinary Tract, Sexual Organs, and Pregnancy Conditions"},{"abbrev":"BC08","name":"Respiratory Tract (Lung and Bronchial) Diseases"},{"abbrev":"BC05","name":"Musculoskeletal Diseases"},{"abbrev":"Rare","name":"Rare Diseases"}]}},"hasResults":false}