{"protocolSection":{"identificationModule":{"nctId":"NCT05253066","orgStudyIdInfo":{"id":"MUKDEN5"},"organization":{"fullName":"Shengjing Hospital","class":"OTHER"},"briefTitle":"Chidamide Combined With Exemestane (+/- Goserelin) Versus Neoadjuvant Chemotherapy in Patients of Stage II-III HR-positive/HER2-negative Breast Cancer","officialTitle":"An Open, Multicenter, Randomized Controlled Clinical Study of Chidamide Combined With Exemestane (+/- Goserelin) Versus Neoadjuvant Chemotherapy in Patients of Stage II-III HR-positive/HER2-negative Breast Cancer"},"statusModule":{"statusVerifiedDate":"2022-02","overallStatus":"NOT_YET_RECRUITING","expandedAccessInfo":{"hasExpandedAccess":false},"startDateStruct":{"date":"2022-02-25","type":"ESTIMATED"},"primaryCompletionDateStruct":{"date":"2022-07-31","type":"ESTIMATED"},"completionDateStruct":{"date":"2025-01-31","type":"ESTIMATED"},"studyFirstSubmitDate":"2022-01-13","studyFirstSubmitQcDate":"2022-02-15","studyFirstPostDateStruct":{"date":"2022-02-23","type":"ACTUAL"},"lastUpdateSubmitDate":"2022-02-15","lastUpdatePostDateStruct":{"date":"2022-02-23","type":"ACTUAL"}},"sponsorCollaboratorsModule":{"responsibleParty":{"type":"PRINCIPAL_INVESTIGATOR","investigatorFullName":"Caigang Liu","investigatorTitle":"Director","investigatorAffiliation":"Shengjing Hospital"},"leadSponsor":{"name":"Shengjing Hospital","class":"OTHER"}},"oversightModule":{"isFdaRegulatedDrug":false,"isFdaRegulatedDevice":false},"descriptionModule":{"briefSummary":"This is an open, multicenter, randomized controlled clinical study aimed to explore the efficacy and safety of chidamide combined with exemestane (+/- goserelin) versus chemotherapy in the neoadjuvant treatment of stage II-III HR +/HER2- breast cancer patients with poor response to previous chemotherapy."},"conditionsModule":{"conditions":["Breast Neoplasms"]},"designModule":{"studyType":"INTERVENTIONAL","phases":["PHASE2","PHASE3"],"designInfo":{"allocation":"RANDOMIZED","interventionModel":"PARALLEL","primaryPurpose":"TREATMENT","maskingInfo":{"masking":"NONE"}},"enrollmentInfo":{"count":130,"type":"ESTIMATED"}},"armsInterventionsModule":{"armGroups":[{"label":"Chidamide group","type":"EXPERIMENTAL","description":"Chidamide combined with exemestane (+/- goserelin)","interventionNames":["Drug: Chidamide combined with exemestane (+/- goserelin)"]},{"label":"chemotherapy group","type":"ACTIVE_COMPARATOR","description":"Chemotherapy with docetaxel plus epirubicin or change of chemotherapy regimen (at the discretion of the clinician)","interventionNames":["Drug: Chemotherapy with docetaxel plus epirubicin or change of chemotherapy regimen (at the discretion of the clinician)"]}],"interventions":[{"type":"DRUG","name":"Chidamide combined with exemestane (+/- goserelin)","description":"Chidamide combined with exemestane (+/- goserelin)","armGroupLabels":["Chidamide group"]},{"type":"DRUG","name":"Chemotherapy with docetaxel plus epirubicin or change of chemotherapy regimen (at the discretion of the clinician)","description":"Chemotherapy with docetaxel plus epirubicin or change of chemotherapy regimen (at the discretion of the clinician)","armGroupLabels":["chemotherapy group"]}]},"outcomesModule":{"primaryOutcomes":[{"measure":"ORR","timeFrame":"Up to approximately 48 months"}],"secondaryOutcomes":[{"measure":"pCR：Upon completion of neoadjuvant therapy and surgery, there was no residual invasive carcinoma present in the pathologic assessment of the resected breast cancer samples stained with hematoxylin and eosin and all ipsilateral lymph node samples.","timeFrame":"Up to approximately 48 months"},{"measure":"Residual tumor burden (RCB) classification","timeFrame":"Up to approximately 48 months"},{"measure":"Total breast pathological complete remission rate (bpCR)","timeFrame":"Up to approximately 48 months"},{"measure":"PEPI classification","timeFrame":"Up to approximately 48 months"},{"measure":"Breast-conserving rate","timeFrame":"Up to approximately 48 months"},{"measure":"patient-reported outcome（PRO）：evaluate daily functioning and health outcomes from the patient's perspective by HRQOL","timeFrame":"Up to approximately 48 months"},{"measure":"Number of participants with treatment-related adverse events as assessed by CTCAE v5.0","timeFrame":"Up to approximately 48 months"},{"measure":"Number of participants with treatment-related serious adverse event as assessed by CTCAE v5.0","timeFrame":"Up to approximately 48 months"}]},"eligibilityModule":{"eligibilityCriteria":"Inclusion Criteria:\n\n* female patients aged greater than or equal to 18 years and less than or equal to 75 years, meet one of the following:\n\n  1. previous oophorectomy, or age ≥ 60 years;\n  2. age \\< 60 years, natural postmenopausal status (defined as at least 12 consecutive months of spontaneous cessation of regular menstruation, and no other pathological or physiological causes), E2 and FSH in postmenopausal levels;\n  3. premenopausal or perimenopausal female patients, must be willing to receive LHRH agonist therapy during the study;\n* all patients were confirmed by histopathology as estrogen receptor (ER) positive (\\> 10%), HER2 receptor negative.Follow the 2018 version of ASCO-CAP HER2-negative interpretation guideline criteria;\n* tumor stage II-III meeting the AJCC 8th version criteria, patients who have previously received 2 cycles of TE regimen chemotherapy, with disease evaluation of SD or PD;\n* KPS score ≥ 70 points;\n* organ function level must meet the following requirements:\n\n  1. bone marrow function ANC ≥ 1.5 × 109/L (14 without growth factors); PLT ≥ 100 × 109/L (7 without corrective treatment); Hb ≥ 100 g/L (7) without corrective treatment;\n  2. liver and kidney function TBIL ≤ 1.5 × ULN; ALT and AST ≤ 3 × ULN; BUN and Cr ≤ 1.5 × ULN and creatinine clearance ≥ 50 mL/min (Cockcroft-Gault formula);\n* able to undergo needle biopsy;\n* voluntarily join this study, sign informed consent, have good compliance and are willing to cooperate with follow-up\n\nExclusion Criteria:\n\n* received any form of anti-tumor therapy (chemotherapy, radiotherapy, molecular targeted therapy, endocrine therapy, etc.);\n* received any other anti-tumor therapy at the same time;\n* breast cancer, inflammatory breast cancer or occult breast cancer;\n* stage IV breast cancer;\n* breast cancer without histopathological diagnosis;","healthyVolunteers":false,"sex":"FEMALE","minimumAge":"18 Years","maximumAge":"75 Years","stdAges":["ADULT","OLDER_ADULT"]}},"derivedSection":{"miscInfoModule":{"versionHolder":"2024-09-24"},"conditionBrowseModule":{"meshes":[{"id":"D000001943","term":"Breast Neoplasms"}],"ancestors":[{"id":"D000009371","term":"Neoplasms by Site"},{"id":"D000009369","term":"Neoplasms"},{"id":"D000001941","term":"Breast Diseases"},{"id":"D000012871","term":"Skin Diseases"}],"browseLeaves":[{"id":"M5220","name":"Breast Neoplasms","asFound":"Breast Neoplasms","relevance":"HIGH"},{"id":"M5218","name":"Breast Diseases","relevance":"LOW"},{"id":"M15674","name":"Skin Diseases","relevance":"LOW"}],"browseBranches":[{"abbrev":"BC04","name":"Neoplasms"},{"abbrev":"BC17","name":"Skin and Connective Tissue Diseases"},{"abbrev":"All","name":"All Conditions"}]},"interventionBrowseModule":{"meshes":[{"id":"D000077143","term":"Docetaxel"},{"id":"D000015251","term":"Epirubicin"},{"id":"C000056516","term":"Exemestane"},{"id":"D000017273","term":"Goserelin"}],"ancestors":[{"id":"D000000970","term":"Antineoplastic Agents"},{"id":"D000050257","term":"Tubulin Modulators"},{"id":"D000050256","term":"Antimitotic Agents"},{"id":"D000050258","term":"Mitosis Modulators"},{"id":"D000045504","term":"Molecular Mechanisms of Pharmacological Action"},{"id":"D000000903","term":"Antibiotics, Antineoplastic"},{"id":"D000059005","term":"Topoisomerase II Inhibitors"},{"id":"D000059003","term":"Topoisomerase Inhibitors"},{"id":"D000004791","term":"Enzyme Inhibitors"},{"id":"D000047072","term":"Aromatase Inhibitors"},{"id":"D000065088","term":"Steroid Synthesis Inhibitors"},{"id":"D000004965","term":"Estrogen Antagonists"},{"id":"D000006727","term":"Hormone Antagonists"},{"id":"D000006730","term":"Hormones, Hormone Substitutes, and Hormone Antagonists"},{"id":"D000045505","term":"Physiological Effects of Drugs"},{"id":"D000018931","term":"Antineoplastic Agents, Hormonal"}],"browseLeaves":[{"id":"M1668","name":"Docetaxel","asFound":"Biological","relevance":"HIGH"},{"id":"M19568","name":"Goserelin","asFound":"1500","relevance":"HIGH"},{"id":"M247237","name":"Exemestane","asFound":"Does not","relevance":"HIGH"},{"id":"M17954","name":"Epirubicin","asFound":"Ratio","relevance":"HIGH"},{"id":"M26197","name":"Tubulin Modulators","relevance":"LOW"},{"id":"M26196","name":"Antimitotic Agents","relevance":"LOW"},{"id":"M4222","name":"Anti-Bacterial Agents","relevance":"LOW"},{"id":"M4224","name":"Antibiotics, Antitubercular","relevance":"LOW"},{"id":"M29348","name":"Topoisomerase Inhibitors","relevance":"LOW"},{"id":"M7951","name":"Enzyme Inhibitors","relevance":"LOW"},{"id":"M25769","name":"Aromatase Inhibitors","relevance":"LOW"},{"id":"M8116","name":"Estrogens","relevance":"LOW"},{"id":"M8114","name":"Estrogen Antagonists","relevance":"LOW"},{"id":"M30483","name":"Estrogen Receptor Antagonists","relevance":"LOW"},{"id":"M9789","name":"Hormones","relevance":"LOW"},{"id":"M9788","name":"Hormone Antagonists","relevance":"LOW"},{"id":"M20966","name":"Antineoplastic Agents, Hormonal","relevance":"LOW"}],"browseBranches":[{"abbrev":"ANeo","name":"Antineoplastic Agents"},{"abbrev":"All","name":"All Drugs and Chemicals"},{"abbrev":"Infe","name":"Anti-Infective Agents"}]}},"hasResults":false}