{"protocolSection":{"identificationModule":{"nctId":"NCT05076266","orgStudyIdInfo":{"id":"EAQ201"},"secondaryIdInfos":[{"id":"NCI-2021-05681","type":"REGISTRY","domain":"CTRP (Clinical Trial Reporting Program)"},{"id":"EAQ201","type":"OTHER","domain":"ECOG-ACRIN Cancer Research Group"},{"id":"EAQ201","type":"OTHER","domain":"DCP"}],"organization":{"fullName":"Eastern Cooperative Oncology Group","class":"NETWORK"},"briefTitle":"COVID-19 Related Financial Hardship and Distress in Women Who Decline TMIST (EA1151) Participation","officialTitle":"COVID-19 Related Financial Hardship and Distress in Women Who Decline TMIST (EA1151) Participation"},"statusModule":{"statusVerifiedDate":"2023-06","overallStatus":"ACTIVE_NOT_RECRUITING","expandedAccessInfo":{"hasExpandedAccess":false},"startDateStruct":{"date":"2022-03-14","type":"ACTUAL"},"primaryCompletionDateStruct":{"date":"2024-10-30","type":"ESTIMATED"},"completionDateStruct":{"date":"2024-10-30","type":"ESTIMATED"},"studyFirstSubmitDate":"2021-10-06","studyFirstSubmitQcDate":"2021-10-11","studyFirstPostDateStruct":{"date":"2021-10-13","type":"ACTUAL"},"lastUpdateSubmitDate":"2023-06-21","lastUpdatePostDateStruct":{"date":"2023-06-23","type":"ACTUAL"}},"sponsorCollaboratorsModule":{"responsibleParty":{"type":"SPONSOR"},"leadSponsor":{"name":"Eastern Cooperative Oncology Group","class":"NETWORK"}},"oversightModule":{"oversightHasDmc":true,"isFdaRegulatedDrug":false,"isFdaRegulatedDevice":false},"descriptionModule":{"briefSummary":"The purpose of this study is to find out whether factors that lead Women of Color to decline participation in the breast cancer screening trial EA1151 (TMIST) differ from non-women of color.","detailedDescription":"In a population of women who decline participation in TMIST (EAQ201 participants), we will compare the proportion of WOC vs non-WOC with respect to who experience COVID-related financial hardship, a composite endpoint defined as any psychological response (financial distress, food/housing insecurity) or change in their material condition. We hypothesize that COVID-19 related financial hardship and distress are more prevalent in WOC who decline TMIST participation compared to non-WOC who decline participation."},"conditionsModule":{"conditions":["Breast Cancer, NOS"]},"designModule":{"studyType":"OBSERVATIONAL","patientRegistry":false,"designInfo":{"observationalModel":"COHORT","timePerspective":"PROSPECTIVE"},"enrollmentInfo":{"count":14,"type":"ACTUAL"}},"armsInterventionsModule":{"armGroups":[{"label":"Women Who Decline TMIST","description":"Women who decline TMIST will be asked to fill out a survey with questions about demographics, income and employment, attitudes and experiences about COVID-19, and emotional well-being.","interventionNames":["Other: Questionnaire"]}],"interventions":[{"type":"OTHER","name":"Questionnaire","description":"Complete the survey questions","armGroupLabels":["Women Who Decline TMIST"]}]},"outcomesModule":{"primaryOutcomes":[{"measure":"Compare the proportion of WOC EAQ201 participants who experience COVID-related financial hardship vs non-WOC EAQ201 participants","description":"Composite outcome, defined as answering in the affirmative to any of the following personal changes due to COVID: layoff or furlough, insurance loss, work hours reduction, new job/increased hours to increase income, food or housing insecurity OR answering in the affirmative to any of the following household changes due to COVID: greater or equal to 20% income lose, savings use for living expenses, home sale/refinance, increased debt, declared bankruptcy","timeFrame":"Through study completion, an average of 1 year"}],"secondaryOutcomes":[{"measure":"Compare the proportions of WOC vs non-WOC EAQ201 participants with COVID-related change in their material condition, a composite measure","description":"Self-reported material condition of any of the following: \\>20% income loss, savings use, home sale or refinance, loans, reaching credit limits, becoming subject to a collection agency, or bankruptcy in the last 3 months (binary)","timeFrame":"Through study completion, an average of 1 year"},{"measure":"Compare the proportions of WOC vs non-WOC EAQ201 participants with COVID-specific perceived financial distress","description":"Adapted from the summary item from COST measure (continuous) \"COVID-19 has been a financial hardship to my family","timeFrame":"Through study completion, an average of 1 year"},{"measure":"Compare the proportion of WOC in TMIST participants vs EAQ201 participants","description":"Race/ethnicity, age, insurance, and ZIP","timeFrame":"Through study completion, an average of 1 year"}],"otherOutcomes":[{"measure":"Compare the proportion of WOC vs non-WOC EAQ201 participants with COVID-related employment change, a composite measure","description":"Employment change of any of the following: Self-reported work hours reduction, layoff or furlough, sick time, vacation time use or new job/increased hours to increase income (binary)","timeFrame":"Through study completion, an average of 1 year"},{"measure":"Compare the proportions of WOC vs non-WOC EAQ201 participants with COVID-specific perceived distress and perceived susceptibility to COVID and breast cancer","description":"Adapted from Penedo (personal communication) to capture the emotional response to COVID related to fear of infection, financial anxiety, housing and food insecurity (single items) (categorical)(11 items) Single items for breast cancer and COVID-19, modified from previous studies of intention to undergo breast cancer screening. (categorical) (2 items)","timeFrame":"Through study completion, an average of 1 year"},{"measure":"Compare the proportions of WOC vs non-WOC EAQ201 participants with relative increase in smoking and alcohol use, risk factors for breast cancer","description":"Assess change in frequency or amount of tobacco or alcohol use during COVID compared to before COVID. Will not assess absolute amount of use. (categorical) (2 items)","timeFrame":"Through study completion, an average of 1 year"},{"measure":"Compare participant-reported quality of life, anxiety and depression between WOC and non-WOC EAQ201 participants","description":"Participant-Reported Outcomes Measurement Information System (PROMIS)-1018 10-item physical and mental health assessment. Sum of item responses (continuous) (10 items) PROMIS Anxiety 4-item Short Form. Sum of item responses (continuous) (4 items) PROMIS Depression 4-item Short Form. Sum of item responses (continuous) (4 items)","timeFrame":"Through study completion, an average of 1 year"},{"measure":"Assess the effects of sociodemographic characteristics, and federal-, state- or local-level COVID-19 factors on TMIST participation, in WOC vs non-WOC","description":"Compare maximum number of COVID-19 cases, state unemployment during shelter-in-place, local unemployment during shelter-in-place) on TMIST participation, stratified by WOC vs non-WOC","timeFrame":"Through study completion, an average of 1 year"}]},"eligibilityModule":{"eligibilityCriteria":"Inclusion Criteria:\n\nParticipants must be women age 45 or older and under age 75 at the time of study entry.\n\nParticipant must be scheduled for, or have intent to schedule, a screening mammogram.\n\nParticipant must be eligible for EA1151/TMIST. Participant must have declined participation in EA1151/TMIST. Participant must be able to complete questionnaires in English. Participant must have a U.S. zip code.","healthyVolunteers":true,"sex":"FEMALE","genderBased":true,"genderDescription":"Women","minimumAge":"45 Years","maximumAge":"75 Years","stdAges":["ADULT","OLDER_ADULT"],"studyPopulation":"Women age 45 or older and under age 75 who decline participation in EA1151/TMIST","samplingMethod":"NON_PROBABILITY_SAMPLE"},"contactsLocationsModule":{"locations":[{"facility":"University of Michigan","city":"Ann Arbor","state":"Michigan","zip":"48109","country":"United States","geoPoint":{"lat":42.27756,"lon":-83.74088}}]},"ipdSharingStatementModule":{"ipdSharing":"NO"}},"annotationSection":{"annotationModule":{"unpostedAnnotation":{"unpostedResponsibleParty":"Eastern Cooperative Oncology Group","unpostedEvents":[{"type":"RELEASE","date":"2024-02-01"},{"type":"RESET","date":"2024-07-25"}]}}},"derivedSection":{"miscInfoModule":{"versionHolder":"2024-09-24","submissionTracking":{"estimatedResultsFirstSubmitDate":"2024-02-01","submissionInfos":[{"releaseDate":"2024-02-01","resetDate":"2024-07-25"},{"releaseDate":"2024-08-16"}]}},"conditionBrowseModule":{"meshes":[{"id":"D000001943","term":"Breast Neoplasms"},{"id":"D000086522","term":"Financial Stress"}],"ancestors":[{"id":"D000013315","term":"Stress, Psychological"},{"id":"D000001526","term":"Behavioral Symptoms"},{"id":"D000009369","term":"Neoplasms"},{"id":"D000009371","term":"Neoplasms by Site"},{"id":"D000001941","term":"Breast Diseases"},{"id":"D000012871","term":"Skin Diseases"}],"browseLeaves":[{"id":"M5220","name":"Breast Neoplasms","asFound":"Breast Cancer, NOS","relevance":"HIGH"},{"id":"M2561","name":"COVID-19","relevance":"LOW"},{"id":"M2567","name":"Financial Stress","asFound":"Financial Hardship","relevance":"HIGH"},{"id":"M16105","name":"Stress, Psychological","relevance":"LOW"},{"id":"M4818","name":"Behavioral Symptoms","relevance":"LOW"},{"id":"M5218","name":"Breast Diseases","relevance":"LOW"},{"id":"M15674","name":"Skin Diseases","relevance":"LOW"}],"browseBranches":[{"abbrev":"BC04","name":"Neoplasms"},{"abbrev":"BC17","name":"Skin and Connective Tissue Diseases"},{"abbrev":"All","name":"All Conditions"},{"abbrev":"BC01","name":"Infections"},{"abbrev":"BC08","name":"Respiratory Tract (Lung and Bronchial) Diseases"},{"abbrev":"BXM","name":"Behaviors and Mental Disorders"}]}},"hasResults":false}