{"protocolSection":{"identificationModule":{"nctId":"NCT06510465","orgStudyIdInfo":{"id":"SHPD009"},"organization":{"fullName":"RenJi Hospital","class":"OTHER"},"briefTitle":"Neoadjuvant Therapy With Weekly Utidelone Combined With Cisplatin for Patients With Breast Cancer (NeoURANIA)","officialTitle":"Neoadjuvant Therapy With Weekly Utidelone Combined With Cisplatin for Patients With Breast Cancer (NeoURANIA): A Multi-center, Prospective Study","acronym":"NeoURANIA"},"statusModule":{"statusVerifiedDate":"2024-07","overallStatus":"NOT_YET_RECRUITING","expandedAccessInfo":{"hasExpandedAccess":false},"startDateStruct":{"date":"2024-08-01","type":"ESTIMATED"},"primaryCompletionDateStruct":{"date":"2027-03-31","type":"ESTIMATED"},"completionDateStruct":{"date":"2032-03-31","type":"ESTIMATED"},"studyFirstSubmitDate":"2024-05-23","studyFirstSubmitQcDate":"2024-07-14","studyFirstPostDateStruct":{"date":"2024-07-19","type":"ACTUAL"},"lastUpdateSubmitDate":"2024-07-14","lastUpdatePostDateStruct":{"date":"2024-07-19","type":"ACTUAL"}},"sponsorCollaboratorsModule":{"responsibleParty":{"type":"SPONSOR"},"leadSponsor":{"name":"RenJi Hospital","class":"OTHER"}},"oversightModule":{"isFdaRegulatedDrug":false,"isFdaRegulatedDevice":false},"descriptionModule":{"briefSummary":"This study is a prospective, multi-center, single-arm, two-cohort, exploratory study, aiming to explore the effectiveness and safety of neoadjuvant treatment with weekly utidelone combined with cisplatin in breast cancer patients.","detailedDescription":"Explore the effectiveness and safety of neoadjuvant treatment with weekly utidelone combined with cisplatin in high risk early, locally advanced and Inflammatory breast cancer patients."},"conditionsModule":{"conditions":["Breast Cancer"],"keywords":["breast cancer","utidelone","cisplatin","neoadjuvant therapy"]},"designModule":{"studyType":"INTERVENTIONAL","phases":["PHASE2"],"designInfo":{"allocation":"NON_RANDOMIZED","interventionModel":"PARALLEL","primaryPurpose":"TREATMENT","maskingInfo":{"masking":"NONE"}},"enrollmentInfo":{"count":143,"type":"ESTIMATED"}},"armsInterventionsModule":{"armGroups":[{"label":"HER2 negative breast cancer cohort","type":"EXPERIMENTAL","description":"Human Epidermal Growth Factor Receptor 2 (HER2 ) negative breast cancer utidelone and cisplatin","interventionNames":["Drug: utidelone","Drug: Cisplatin"]},{"label":"HER2 positive breast cancer cohort","type":"EXPERIMENTAL","description":"Human Epidermal Growth Factor Receptor 2 (HER2 ) positive breast cancer utidelone，cisplatin，tratuzumab and pertuzumab (both Intravenous preparations or subcutaneous preparations can be used)","interventionNames":["Drug: utidelone","Drug: Cisplatin","Drug: Trastuzumab","Drug: Pertuzumab"]}],"interventions":[{"type":"DRUG","name":"utidelone","description":"utidelone 50mg／m2，ivgtt，d1，8，15，22, q28d, up to 4 cycle；","armGroupLabels":["HER2 negative breast cancer cohort","HER2 positive breast cancer cohort"],"otherNames":["UTD1"]},{"type":"DRUG","name":"Cisplatin","description":"cisplatin25mg/m2，ivgtt，d1，8，15；q28d, up to 4 cycle.","armGroupLabels":["HER2 negative breast cancer cohort","HER2 positive breast cancer cohort"],"otherNames":["DDP"]},{"type":"DRUG","name":"Trastuzumab","description":"Trastuzumab 8mg/kg, ivgtt, d1, then 6mg/kg, q21d or Trastuzumab 4mg/kg, ivgtt, d1, then 2mg/kg, q7d or Trastuzumab Injection（Subcutaneous Injection）600mg，subcutaneous Injection，d1，q21d","armGroupLabels":["HER2 positive breast cancer cohort"]},{"type":"DRUG","name":"Pertuzumab","description":"Pertuzumab 840mg, ivgtt, d1, then 420mg, q21d or Pertuzumab/trastuzumab/hyaluronidase","armGroupLabels":["HER2 positive breast cancer cohort"]}]},"outcomesModule":{"primaryOutcomes":[{"measure":"pCR","description":"ypT0/is ypN0","timeFrame":"through surgery completion, an average of 16 weeks"}],"secondaryOutcomes":[{"measure":"breast pCR","description":"ypT0/is","timeFrame":"through surgery completion, an average of 16 weeks"},{"measure":"RCB 0/I rate","description":"ratio of patients who achieved RCB 0 or RCB I","timeFrame":"through surgery completion, an average of 16 weeks"},{"measure":"RCB class","description":"RCB 0, RCB I, RCB II, RCB III","timeFrame":"through surgery completion, an average of 16 weeks"},{"measure":"Rate of lymph node negative","description":"ratio of patients who achieved lymph node negative","timeFrame":"through surgery completion, an average of 16 weeks"},{"measure":"ORR by physical examination","description":"ratio of patients who achieved complete response or partial response by physical examination","timeFrame":"After completing neoadjuvant therapy before surgery, an average of 16 weeks"},{"measure":"ORR by MRI","description":"ratio of patients who achieved complete response or partial response by MRI","timeFrame":"After completing neoadjuvant therapy before surgery, an average of 16 weeks"},{"measure":"CBR by physical examination","description":"ratio of patients who achieved complete response or partial response or stable disease by physical examination","timeFrame":"After completing neoadjuvant therapy before surgery, an average of 16 weeks"},{"measure":"CBR by MRI","description":"ratio of patients who achieved complete response or partial response or stable disease by MRI","timeFrame":"After completing neoadjuvant therapy before surgery, an average of 16 weeks"},{"measure":"iDFS","description":"It is defined as the time from first dose of study intervention administration to the first occurrence of ipsilateral invasive cancer recurrence, contralateral invasive breast cancer, local and/or regional invasive cancer recurrence, distant metastasis or death from any cause.","timeFrame":"2year,3year,5year,8year,10year"},{"measure":"EFS","description":"It is defined as the time from first dose of study intervention administration to the first occurrence of local and/or regional recurrence, contralateral breast cancer, distant metastasis or death from any cause.","timeFrame":"2year,3year,5year,8year,10year"},{"measure":"DDFS","description":"It is defined as the time from first dose of study intervention administration to the first distant metastasis or death from any cause.","timeFrame":"2year,3year,5year,8year,10year"},{"measure":"OS","description":"It is defined as the time from first dose of study intervention administration to death from any cause.","timeFrame":"2year,3year,5year,8year,10year"},{"measure":"Quality of Life","description":"EORTC-QLQ-C30","timeFrame":"Through study completion，an average of 1 year"},{"measure":"Quality of Life","description":"EORTC-QLQ-BR23","timeFrame":"Through study completion，an average of 1 year"},{"measure":"Safety","description":"Number of participants with treatment-related adverse events as assessed by CTCAE v5.0","timeFrame":"Through study completion，an average of 1 year"},{"measure":"Combine with weekly paclitaxel with cispltin in HER2-negative and HER2-positive patients","description":"Combine with weekly paclitaxel with cispltin in HER2-negative and HER2-positive patients","timeFrame":"After completing neoadjuvant therapy before surgery, an average of 16 weeks"}]},"eligibilityModule":{"eligibilityCriteria":"Inclusion Criteria:\n\n1. Age ≥18 years old;\n2. Primary invasive breast cancer confirmed by pathology; Before neoadjuvant therapy, the primary breast lesion was larger than 2cm(cT2-T4a-d, according to the anatomical staging of AJCC 8th edition), or the clinical images of lymph nodes considered metastasis or pathologically confirmed metastasis (CN+); or patients whose primary breast lesions are more than 1cm and less than 2cm, and whose lymph nodes have not metastasized (cT1cN0) must meet one of the following conditions: hormone receptor negative, HER2 positive, or ki67 greater than 20%. If bilateral breast cancer is found at the same time, it can be admitted to the group, but it is necessary to determine which side of the lesion is to be evaluated before taking the drug;\n3. According to the RECIST version 1.1 standard (see Annex I), there is at least one measurable lesion before neoadjuvant therapy;\n4. The score of ECOG is 0 or 1;\n5. During neoadjuvant therapy, ovarian function suppression can be given at the same time;\n6. The hematological examination and blood biochemical examination should meet the following requirements: white blood cell count (WBC)≥3.0×109/L, neutrophil count (ANC)≥1.5×109/L and platelet count (PLT) ≥ 75× 109/L; Hemoglobin (HB) ≥ 80g/L; Total bilirubin (TBIL)≤1.5× upper limit of normal value (ULN), AST(sGOT), ALT(sGPT)≤2×ULN and creatinine (Cr) ≤ 1.5× ULN;\n7. creatinine clearance rate ≥50mL/min(Cockcroft-Gault formula);\n8. Subjects voluntarily joined the study, signed the informed consent form, and had good compliance and cooperated with the follow-up.\n\nExclusion Criteria:\n\n1. Patients during pregnancy and lactation, patients with fertility and positive baseline pregnancy test, or women of childbearing age who are unwilling to take effective contraceptive measures during the whole trial period;\n2. There is distant metastasis of breast cancer confirmed by imaging or pathology before enrollment;\n3. There is evidence of sensory or motor nerve diseases;\n4. Severe cardiopulmonary insufficiency, severe hepatic and renal insufficiency, severe concomitant disease or active infection, including known HIV infection;\n5. allergic to the research drug or its auxiliary materials;\n6. Arterial/venous thrombotic events, such as cerebrovascular accident (including transient ischemic attack), deep venous thrombosis and pulmonary embolism, occurred within 6 months before the start of the study;\n7. Previous history of other malignant tumors, except the cured basal cell carcinoma of the skin, carcinoma in situ of the cervix, and the second primary malignant tumor with high 5-year recurrence-free survival rate determined by researchers;\n8. According to the researcher's judgment, there are accompanying diseases (including but not limited to uncontrollable hypertension, severe diabetes, active infection, thyroid disease, etc.) that seriously endanger the patient's safety or affect the patient's completion of the study, and any other circumstances that the researcher judges that the patient is not suitable for participating in this study.","healthyVolunteers":false,"sex":"ALL","minimumAge":"18 Years","stdAges":["ADULT","OLDER_ADULT"]},"contactsLocationsModule":{"locations":[{"facility":"Renji Hospital, School of Medicine, Shanghai Jiao Tong University","city":"Shanghai","state":"Shanghai","zip":"200127","country":"China","geoPoint":{"lat":31.22222,"lon":121.45806}},{"facility":"Renji Hospital","city":"Shanghai","country":"China","geoPoint":{"lat":31.22222,"lon":121.45806}}]},"ipdSharingStatementModule":{"ipdSharing":"NO"}},"derivedSection":{"miscInfoModule":{"versionHolder":"2024-09-24"},"conditionBrowseModule":{"meshes":[{"id":"D000001943","term":"Breast Neoplasms"}],"ancestors":[{"id":"D000009371","term":"Neoplasms by Site"},{"id":"D000009369","term":"Neoplasms"},{"id":"D000001941","term":"Breast Diseases"},{"id":"D000012871","term":"Skin Diseases"}],"browseLeaves":[{"id":"M5220","name":"Breast Neoplasms","asFound":"Breast Cancer","relevance":"HIGH"},{"id":"M5218","name":"Breast Diseases","relevance":"LOW"},{"id":"M15674","name":"Skin Diseases","relevance":"LOW"}],"browseBranches":[{"abbrev":"BC04","name":"Neoplasms"},{"abbrev":"BC17","name":"Skin and Connective Tissue Diseases"},{"abbrev":"All","name":"All Conditions"}]},"interventionBrowseModule":{"meshes":[{"id":"D000068878","term":"Trastuzumab"},{"id":"C000485206","term":"Pertuzumab"}],"ancestors":[{"id":"D000000970","term":"Antineoplastic Agents"},{"id":"D000074322","term":"Antineoplastic Agents, Immunological"}],"browseLeaves":[{"id":"M6182","name":"Cisplatin","relevance":"LOW"},{"id":"M325","name":"Trastuzumab","asFound":"Follow-up","relevance":"HIGH"},{"id":"M289243","name":"Pertuzumab","asFound":"Floor","relevance":"HIGH"},{"id":"M11900","name":"Mitogens","relevance":"LOW"},{"id":"M1346","name":"Antineoplastic Agents, Immunological","relevance":"LOW"}],"browseBranches":[{"abbrev":"ANeo","name":"Antineoplastic Agents"},{"abbrev":"All","name":"All Drugs and Chemicals"}]}},"hasResults":false}